#disk	/backup_hdd	/dev/sdb1	590a79bc-ffd7-4ae0-9aa0-0ce61b1bda20	ST2000DM006-2DM164	Z4ZBZE87	0x5000c500b223a870	1967846088704	1495838314496	2026-04-15 19:03:39	2026-09-12 23:31:12
#cols	run	files	bytes	sub_lo	sub_hi	first_file	last_file	copied_from	copied_to	manifest_lines	n_fadc	n_sadc	n_prd	n_merged	n_png	n_other
000656	0	0							0	0	0	0	0	0	0
000936	0	0							0	0	0	0	0	0	0
000938	1	1102					2026-04-17 17:31:24	2026-04-17 17:31:24	0	0	0	1	0	0	0
000939	1	1102					2026-04-17 17:31:36	2026-04-17 17:31:36	0	0	0	1	0	0	0
000940	1	1102					2026-04-17 17:31:40	2026-04-17 17:31:40	0	0	0	1	0	0	0
000941	0	0							0	0	0	0	0	0	0
000942	1	1102					2026-04-17 17:31:43	2026-04-17 17:31:43	0	0	0	1	0	0	0
000943	1	1102					2026-04-17 17:31:43	2026-04-17 17:31:43	0	0	0	1	0	0	0
000944	1	1102					2026-04-17 17:31:43	2026-04-17 17:31:43	0	0	0	1	0	0	0
000945	1	1102					2026-04-17 17:31:43	2026-04-17 17:31:43	0	0	0	1	0	0	0
000947	1	1102					2026-04-17 17:31:43	2026-04-17 17:31:43	0	0	0	1	0	0	0
000948	1	1102					2026-04-17 17:31:43	2026-04-17 17:31:43	0	0	0	1	0	0	0
000949	1	1102					2026-04-17 17:31:43	2026-04-17 17:31:43	0	0	0	1	0	0	0
000950	1	1102					2026-04-17 17:31:43	2026-04-17 17:31:43	0	0	0	1	0	0	0
000951	1	1102					2026-04-17 17:31:43	2026-04-17 17:31:43	0	0	0	1	0	0	0
000952	1	1102					2026-04-17 17:31:43	2026-04-17 17:31:43	0	0	0	1	0	0	0
000953	1	1102					2026-04-17 17:31:44	2026-04-17 17:31:44	0	0	0	1	0	0	0
000954	1	1102					2026-04-17 17:31:44	2026-04-17 17:31:44	0	0	0	1	0	0	0
000955	1	1102					2026-04-17 17:31:44	2026-04-17 17:31:44	0	0	0	1	0	0	0
000956	1	1102					2026-04-17 17:31:44	2026-04-17 17:31:44	0	0	0	1	0	0	0
000957	1	1102					2026-04-17 17:31:44	2026-04-17 17:31:44	0	0	0	1	0	0	0
000958	1	1102					2026-04-17 17:31:49	2026-04-17 17:31:49	0	0	0	1	0	0	0
000959	1	1102					2026-04-17 17:31:49	2026-04-17 17:31:49	0	0	0	1	0	0	0
000960	1	1102					2026-04-17 17:31:49	2026-04-17 17:31:49	0	0	0	1	0	0	0
000961	1	1102					2026-04-17 17:31:49	2026-04-17 17:31:49	0	0	0	1	0	0	0
000962	7	1101922790	00001	00003	FADC_000962.root.00001	SADC_000962.root.00003	2026-04-17 17:41:42	2026-04-17 19:12:22	0	3	3	1	0	0	0
000963	7	2429895423	00001	00003	FADC_000963.root.00001	SADC_000963.root.00003	2026-04-17 19:15:03	2026-04-17 19:32:31	0	3	3	1	0	0	0
000964	1	0					2026-04-17 19:32:36	2026-04-17 19:32:36	0	0	0	1	0	0	0
000965	7	2586508735	00001	00003	FADC_000965.root.00001	SADC_000965.root.00003	2026-04-17 19:39:05	2026-04-17 19:57:20	0	3	3	1	0	0	0
000966	7	1101547256	00001	00003	FADC_000966.root.00001	SADC_000966.root.00003	2026-04-17 20:04:22	2026-04-17 20:09:40	0	3	3	1	0	0	0
000967	2	16088	00000		FADC_000967.root.00000	SADC_000967.root.00000	2026-04-17 20:09:40	2026-04-17 20:09:40	0	1	1	0	0	0	0
000968	7	1308759241	00001	00003	FADC_000968.root.00001	SADC_000968.root.00003	2026-04-17 20:10:56	2026-04-17 20:13:44	0	3	3	1	0	0	0
000969	1	1102					2026-04-17 20:13:44	2026-04-17 20:13:44	0	0	0	1	0	0	0
000970	1	1102					2026-04-17 20:13:44	2026-04-17 20:13:44	0	0	0	1	0	0	0
000971	1	1102					2026-04-17 20:13:44	2026-04-17 20:13:44	0	0	0	1	0	0	0
000972	1	1102					2026-04-17 20:13:44	2026-04-17 20:13:44	0	0	0	1	0	0	0
000973	1	1102					2026-04-17 20:13:44	2026-04-17 20:13:44	0	0	0	1	0	0	0
000974	1	1102					2026-04-17 20:13:44	2026-04-17 20:13:44	0	0	0	1	0	0	0
000975	1	1102					2026-04-17 20:13:44	2026-04-17 20:13:44	0	0	0	1	0	0	0
000977	1	1102					2026-04-17 20:13:44	2026-04-17 20:13:44	0	0	0	1	0	0	0
000978	1	1102					2026-04-17 20:13:44	2026-04-17 20:13:44	0	0	0	1	0	0	0
000979	1	1102					2026-04-17 20:13:44	2026-04-17 20:13:44	0	0	0	1	0	0	0
000980	1	1102					2026-04-17 20:13:45	2026-04-17 20:13:45	0	0	0	1	0	0	0
000981	1	1102					2026-04-17 20:13:45	2026-04-17 20:13:45	0	0	0	1	0	0	0
000982	1	1102					2026-04-17 20:13:45	2026-04-17 20:13:45	0	0	0	1	0	0	0
000983	1	1102					2026-04-17 20:13:45	2026-04-17 20:13:45	0	0	0	1	0	0	0
000984	1	1102					2026-04-17 20:13:45	2026-04-17 20:13:45	0	0	0	1	0	0	0
000985	1	1102					2026-04-17 20:13:45	2026-04-17 20:13:45	0	0	0	1	0	0	0
000986	1	1102					2026-04-17 20:13:45	2026-04-17 20:13:45	0	0	0	1	0	0	0
000987	1	1102					2026-04-17 20:13:45	2026-04-17 20:13:45	0	0	0	1	0	0	0
000988	1	1102					2026-04-17 20:13:45	2026-04-17 20:13:45	0	0	0	1	0	0	0
000989	1	1102					2026-04-17 20:13:45	2026-04-17 20:13:45	0	0	0	1	0	0	0
000990	1	1102					2026-04-17 20:13:45	2026-04-17 20:13:45	0	0	0	1	0	0	0
000991	1	1102					2026-04-17 20:13:45	2026-04-17 20:13:45	0	0	0	1	0	0	0
000992	1	1102					2026-04-17 20:13:46	2026-04-17 20:13:46	0	0	0	1	0	0	0
000993	1	1102					2026-04-17 20:13:46	2026-04-17 20:13:46	0	0	0	1	0	0	0
000994	1	1102					2026-04-17 20:13:46	2026-04-17 20:13:46	0	0	0	1	0	0	0
000995	8	72854117	00000	00003	FADC_000995.root.00000	SADC_000995.root.00003	2026-04-17 20:13:47	2026-04-17 20:13:59	0	4	4	0	0	0	0
000996	1	1102					2026-04-17 20:13:59	2026-04-17 20:13:59	0	0	0	1	0	0	0
000997	1	1102					2026-04-17 20:13:59	2026-04-17 20:13:59	0	0	0	1	0	0	0
000998	1	1102					2026-04-17 20:13:59	2026-04-17 20:13:59	0	0	0	1	0	0	0
000999	1	1102					2026-04-17 20:13:59	2026-04-17 20:13:59	0	0	0	1	0	0	0
001000	1	1102					2026-04-17 20:13:59	2026-04-17 20:13:59	0	0	0	1	0	0	0
001001	2	1783693185	00000		FADC_001001.root.00000	SADC_001001.root.00000	2026-04-17 20:19:25	2026-04-17 20:19:27	0	1	1	0	0	0	0
001002	2	167027518	00000		FADC_001002.root.00000	SADC_001002.root.00000	2026-04-17 20:19:58	2026-04-17 20:19:58	0	1	1	0	0	0	0
001003	1	1102					2026-04-17 20:19:58	2026-04-17 20:19:58	0	0	0	1	0	0	0
001004	1	1102					2026-04-17 20:19:59	2026-04-17 20:19:59	0	0	0	1	0	0	0
001005	1	1102					2026-04-17 20:19:59	2026-04-17 20:19:59	0	0	0	1	0	0	0
001006	14	119128100	00000	00006	FADC_001006.root.00000	SADC_001006.root.00006	2026-04-17 20:20:00	2026-04-17 20:20:20	0	7	7	0	0	0	0
001007	1	1102					2026-04-17 20:20:20	2026-04-17 20:20:20	0	0	0	1	0	0	0
001008	1	1102					2026-04-17 20:20:21	2026-04-17 20:20:21	0	0	0	1	0	0	0
001009	1	1102					2026-04-17 20:20:21	2026-04-17 20:20:21	0	0	0	1	0	0	0
001010	1	1102					2026-04-17 20:20:21	2026-04-17 20:20:21	0	0	0	1	0	0	0
001011	1	1102					2026-04-17 20:20:21	2026-04-17 20:20:21	0	0	0	1	0	0	0
001012	1	1102					2026-04-17 20:20:21	2026-04-17 20:20:21	0	0	0	1	0	0	0
001013	1	1102					2026-04-17 20:20:21	2026-04-17 20:20:21	0	0	0	1	0	0	0
001014	1	1102					2026-04-17 20:20:23	2026-04-17 20:20:23	0	0	0	1	0	0	0
001015	2	130181198	00000		FADC_001015.root.00000	SADC_001015.root.00000	2026-04-17 20:20:48	2026-04-17 20:20:49	0	1	1	0	0	0	0
001016	2	101570	00000		FADC_001016.root.00000	SADC_001016.root.00000	2026-04-17 20:20:50	2026-04-17 20:20:50	0	1	1	0	0	0	0
001017	2	145733	00000		FADC_001017.root.00000	SADC_001017.root.00000	2026-04-17 20:20:50	2026-04-17 20:20:50	0	1	1	0	0	0	0
001018	8	179672577	00000	00003	FADC_001018.root.00000	SADC_001018.root.00003	2026-04-17 20:20:59	2026-04-17 20:21:24	0	4	4	0	0	0	0
001019	6	141521913	00000	00002	FADC_001019.root.00000	SADC_001019.root.00002	2026-04-17 20:21:35	2026-04-17 20:21:46	0	3	3	0	0	0	0
001020	6	159504193	00000	00002	FADC_001020.root.00000	SADC_001020.root.00002	2026-04-17 20:22:00	2026-04-17 20:22:21	0	3	3	0	0	0	0
001021	6	173133721	00000	00002	FADC_001021.root.00000	SADC_001021.root.00002	2026-04-17 20:22:32	2026-04-17 20:22:51	0	3	3	0	0	0	0
001022	6	143499774	00000	00002	FADC_001022.root.00000	SADC_001022.root.00002	2026-04-17 20:23:00	2026-04-17 20:23:21	0	3	3	0	0	0	0
001023	6	131885399	00000	00002	FADC_001023.root.00000	SADC_001023.root.00002	2026-04-17 20:23:29	2026-04-17 20:23:43	0	3	3	0	0	0	0
001024	2	20157884	00000		FADC_001024.root.00000	SADC_001024.root.00000	2026-04-17 20:23:47	2026-04-17 20:23:47	0	1	1	0	0	0	0
001025	6	147634828	00000	00002	FADC_001025.root.00000	SADC_001025.root.00002	2026-04-17 20:23:57	2026-04-17 20:24:18	0	3	3	0	0	0	0
001026	2	465745	00000		FADC_001026.root.00000	SADC_001026.root.00000	2026-04-17 20:24:19	2026-04-17 20:24:19	0	1	1	0	0	0	0
001027	2	576387	00000		FADC_001027.root.00000	SADC_001027.root.00000	2026-04-17 20:24:20	2026-04-17 20:24:20	0	1	1	0	0	0	0
001028	6	4999769	00000	00002	FADC_001028.root.00000	SADC_001028.root.00002	2026-04-17 20:24:20	2026-04-17 20:24:20	0	3	3	0	0	0	0
001029	6	29488049	00000	00002	FADC_001029.root.00000	SADC_001029.root.00002	2026-04-17 20:24:20	2026-04-17 20:24:23	0	3	3	0	0	0	0
001030	6	82021705	00000	00002	FADC_001030.root.00000	SADC_001030.root.00002	2026-04-17 20:24:32	2026-04-17 20:24:39	0	3	3	0	0	0	0
001031	1	1102					2026-04-17 20:24:39	2026-04-17 20:24:39	0	0	0	1	0	0	0
001032	1	1102					2026-04-17 20:24:39	2026-04-17 20:24:39	0	0	0	1	0	0	0
001033	1	1102					2026-04-17 20:24:39	2026-04-17 20:24:39	0	0	0	1	0	0	0
001034	1	1102					2026-04-17 20:24:39	2026-04-17 20:24:39	0	0	0	1	0	0	0
001035	1	1102					2026-04-17 20:24:39	2026-04-17 20:24:39	0	0	0	1	0	0	0
001036	1	1102					2026-04-17 20:24:39	2026-04-17 20:24:39	0	0	0	1	0	0	0
001037	1	1102					2026-04-17 20:24:39	2026-04-17 20:24:39	0	0	0	1	0	0	0
001038	1	1102					2026-04-17 20:24:39	2026-04-17 20:24:39	0	0	0	1	0	0	0
001039	1	1102					2026-04-17 20:24:40	2026-04-17 20:24:40	0	0	0	1	0	0	0
001040	1	1102					2026-04-17 20:24:40	2026-04-17 20:24:40	0	0	0	1	0	0	0
001041	1	1102					2026-04-17 20:24:40	2026-04-17 20:24:40	0	0	0	1	0	0	0
001042	1	1102					2026-04-17 20:24:40	2026-04-17 20:24:40	0	0	0	1	0	0	0
001043	1	1102					2026-04-17 20:24:40	2026-04-17 20:24:40	0	0	0	1	0	0	0
001044	1	1102					2026-04-17 20:24:40	2026-04-17 20:24:40	0	0	0	1	0	0	0
001045	1	1102					2026-04-17 20:24:40	2026-04-17 20:24:40	0	0	0	1	0	0	0
001046	1	1102					2026-04-17 20:24:40	2026-04-17 20:24:40	0	0	0	1	0	0	0
001047	1	1102					2026-04-17 20:24:43	2026-04-17 20:24:43	0	0	0	1	0	0	0
001048	1	1102					2026-04-17 20:24:43	2026-04-17 20:24:43	0	0	0	1	0	0	0
001049	1	1102					2026-04-17 20:24:43	2026-04-17 20:24:43	0	0	0	1	0	0	0
00105	0	0							0	0	0	0	0	0	0
001050	1	1102					2026-04-17 20:24:43	2026-04-17 20:24:43	0	0	0	1	0	0	0
001051	1	1102					2026-04-17 20:24:43	2026-04-17 20:24:43	0	0	0	1	0	0	0
001052	1	1102					2026-04-17 20:24:43	2026-04-17 20:24:43	0	0	0	1	0	0	0
001053	1	1102					2026-04-17 20:24:43	2026-04-17 20:24:43	0	0	0	1	0	0	0
001054	1	1102					2026-04-17 20:24:43	2026-04-17 20:24:43	0	0	0	1	0	0	0
001055	1	1102					2026-04-17 20:24:43	2026-04-17 20:24:43	0	0	0	1	0	0	0
001056	1	1102					2026-04-17 20:24:44	2026-04-17 20:24:44	0	0	0	1	0	0	0
001057	1	1102					2026-04-17 20:24:44	2026-04-17 20:24:44	0	0	0	1	0	0	0
001058	1	1102					2026-04-17 20:24:44	2026-04-17 20:24:44	0	0	0	1	0	0	0
001059	1	1102					2026-04-17 20:24:44	2026-04-17 20:24:44	0	0	0	1	0	0	0
001060	1	1102					2026-04-17 20:24:44	2026-04-17 20:24:44	0	0	0	1	0	0	0
001061	1	1102					2026-04-17 20:24:44	2026-04-17 20:24:44	0	0	0	1	0	0	0
001062	1	1102					2026-04-17 20:24:44	2026-04-17 20:24:44	0	0	0	1	0	0	0
001063	1	1102					2026-04-17 20:24:44	2026-04-17 20:24:44	0	0	0	1	0	0	0
001064	1	1102					2026-04-17 20:24:44	2026-04-17 20:24:44	0	0	0	1	0	0	0
001065	1	1102					2026-04-17 20:24:44	2026-04-17 20:24:44	0	0	0	1	0	0	0
001066	1	1102					2026-04-17 20:24:44	2026-04-17 20:24:44	0	0	0	1	0	0	0
001067	1	1102					2026-04-17 20:24:44	2026-04-17 20:24:44	0	0	0	1	0	0	0
001068	1	1102					2026-04-17 20:24:47	2026-04-17 20:24:47	0	0	0	1	0	0	0
001069	1	1102					2026-04-17 20:24:47	2026-04-17 20:24:47	0	0	0	1	0	0	0
001070	1	1102					2026-04-17 20:24:47	2026-04-17 20:24:47	0	0	0	1	0	0	0
001071	1	1102					2026-04-17 20:24:47	2026-04-17 20:24:47	0	0	0	1	0	0	0
001072	1	1102					2026-04-17 20:24:47	2026-04-17 20:24:47	0	0	0	1	0	0	0
001073	1	1102					2026-04-17 20:24:47	2026-04-17 20:24:47	0	0	0	1	0	0	0
001074	1	1102					2026-04-17 20:24:47	2026-04-17 20:24:47	0	0	0	1	0	0	0
001075	1	1102					2026-04-17 20:24:48	2026-04-17 20:24:48	0	0	0	1	0	0	0
001076	1	1102					2026-04-17 20:24:48	2026-04-17 20:24:48	0	0	0	1	0	0	0
001077	6463	169720221370	02169	05399	FADC_001077.root.02169	SADC_001077.root.05399	2026-04-17 20:25:05	2026-04-18 05:27:45	0	3231	3231	1	0	0	0
001078	2	179380113	00000		FADC_001078.root.00000	SADC_001078.root.00000	2026-04-18 05:28:00	2026-04-18 05:28:02	0	1	1	0	0	0	0
001079	2	704685734	00000		FADC_001079.root.00000	SADC_001079.root.00000	2026-04-18 05:28:51	2026-04-18 05:29:08	0	1	1	0	0	0	0
001080	2	281937200	00000		FADC_001080.root.00000	SADC_001080.root.00000	2026-04-18 05:29:31	2026-04-18 05:29:34	0	1	1	0	0	0	0
001081	2	29351506	00000		FADC_001081.root.00000	SADC_001081.root.00000	2026-04-18 05:29:37	2026-04-18 05:29:37	0	1	1	0	0	0	0
001082	2	428226211	00000		FADC_001082.root.00000	SADC_001082.root.00000	2026-04-18 05:30:10	2026-04-18 05:30:17	0	1	1	0	0	0	0
001083	2	313760820	00000		FADC_001083.root.00000	SADC_001083.root.00000	2026-04-18 05:30:42	2026-04-18 05:30:45	0	1	1	0	0	0	0
001084	2	288430918	00000		FADC_001084.root.00000	SADC_001084.root.00000	2026-04-18 05:31:06	2026-04-18 05:31:11	0	1	1	0	0	0	0
001085	2	251996543	00000		FADC_001085.root.00000	SADC_001085.root.00000	2026-04-18 05:31:32	2026-04-18 05:31:36	0	1	1	0	0	0	0
001086	2	192134036	00000		FADC_001086.root.00000	SADC_001086.root.00000	2026-04-18 05:31:50	2026-04-18 05:31:52	0	1	1	0	0	0	0
001087	2	152790628	00000		FADC_001087.root.00000	SADC_001087.root.00000	2026-04-18 05:32:06	2026-04-18 05:32:07	0	1	1	0	0	0	0
001088	2	122306829	00000		FADC_001088.root.00000	SADC_001088.root.00000	2026-04-18 05:32:18	2026-04-18 05:32:20	0	1	1	0	0	0	0
001089	2	144378405	00000		FADC_001089.root.00000	SADC_001089.root.00000	2026-04-18 05:32:31	2026-04-18 05:32:33	0	1	1	0	0	0	0
001090	2	164113538	00000		FADC_001090.root.00000	SADC_001090.root.00000	2026-04-18 05:32:46	2026-04-18 05:32:47	0	1	1	0	0	0	0
001091	2	547825731	00000		FADC_001091.root.00000	SADC_001091.root.00000	2026-04-18 05:33:32	2026-04-18 05:33:39	0	1	1	0	0	0	0
001092	1784	429350829642	00304	01042	FADC_001092.root.00304	SADC_001092.root.01042	2026-04-18 05:35:04	2026-04-18 16:35:44	0	739	1043	1	1	0	0
001093	3088	690694977603	00000	01543	FADC_001093.root.00000	SADC_001093.root.01543	2026-04-18 16:37:45	2026-04-19 17:11:16	0	1544	1544	0	0	0	0
001094	2	21026977	00000		FADC_001094.root.00000	SADC_001094.root.00000	2026-04-19 17:11:20	2026-04-19 17:11:20	0	1	1	0	0	0	0
001095	2	303417170	00000		FADC_001095.root.00000	SADC_001095.root.00000	2026-04-19 17:11:45	2026-04-19 17:11:49	0	1	1	0	0	0	0
001096	2	1572768121	00000		FADC_001096.root.00000	SADC_001096.root.00000	2026-04-19 17:14:07	2026-04-19 17:14:31	0	1	1	0	0	0	0
001097	4	1738260620	00000	00001	FADC_001097.root.00000	SADC_001097.root.00001	2026-04-19 17:16:56	2026-04-19 17:17:27	0	2	2	0	0	0	0
001098	1	1102					2026-04-19 17:17:27	2026-04-19 17:17:27	0	0	0	1	0	0	0
001099	1	1102					2026-04-19 17:17:28	2026-04-19 17:17:28	0	0	0	1	0	0	0
001100	1	1102					2026-04-19 17:17:28	2026-04-19 17:17:28	0	0	0	1	0	0	0
001101	1	1102					2026-04-19 17:17:28	2026-04-19 17:17:28	0	0	0	1	0	0	0
001102	1	1102					2026-04-19 17:17:28	2026-04-19 17:17:28	0	0	0	1	0	0	0
001103	1	1102					2026-04-19 17:17:28	2026-04-19 17:17:28	0	0	0	1	0	0	0
001104	1	1102					2026-04-19 17:17:28	2026-04-19 17:17:28	0	0	0	1	0	0	0
001105	1	1102					2026-04-19 17:17:28	2026-04-19 17:17:28	0	0	0	1	0	0	0
001106	1	1102					2026-04-19 17:17:28	2026-04-19 17:17:28	0	0	0	1	0	0	0
001107	1	1102					2026-04-19 17:17:28	2026-04-19 17:17:28	0	0	0	1	0	0	0
001108	1	1102					2026-04-19 17:17:28	2026-04-19 17:17:28	0	0	0	1	0	0	0
001109	1	1102					2026-04-19 17:17:28	2026-04-19 17:17:28	0	0	0	1	0	0	0
001110	1	1102					2026-04-19 17:17:28	2026-04-19 17:17:28	0	0	0	1	0	0	0
001111	1	1102					2026-04-19 17:17:29	2026-04-19 17:17:29	0	0	0	1	0	0	0
001112	1	1102					2026-04-19 17:17:29	2026-04-19 17:17:29	0	0	0	1	0	0	0
001113	1	1102					2026-04-19 17:17:29	2026-04-19 17:17:29	0	0	0	1	0	0	0
001114	1	1102					2026-04-19 17:17:29	2026-04-19 17:17:29	0	0	0	1	0	0	0
001115	1	1102					2026-04-19 17:17:29	2026-04-19 17:17:29	0	0	0	1	0	0	0
001116	1	1102					2026-04-19 17:17:29	2026-04-19 17:17:29	0	0	0	1	0	0	0
001117	1	1102					2026-04-19 17:17:29	2026-04-19 17:17:29	0	0	0	1	0	0	0
001118	1	1102					2026-04-19 17:17:29	2026-04-19 17:17:29	0	0	0	1	0	0	0
001119	1	1102					2026-04-19 17:17:29	2026-04-19 17:17:29	0	0	0	1	0	0	0
001120	1	1102					2026-04-19 17:17:29	2026-04-19 17:17:29	0	0	0	1	0	0	0
001121	1	1102					2026-04-19 17:17:31	2026-04-19 17:17:31	0	0	0	1	0	0	0
001123	1	1102					2026-04-19 17:17:31	2026-04-19 17:17:31	0	0	0	1	0	0	0
001124	1	1102					2026-04-19 17:17:31	2026-04-19 17:17:31	0	0	0	1	0	0	0
001125	2	169405492	00000		FADC_001125.root.00000	SADC_001125.root.00000	2026-04-19 17:17:44	2026-04-19 17:17:46	0	1	1	0	0	0	0
001126	2	178399616	00000		FADC_001126.root.00000	SADC_001126.root.00000	2026-04-19 17:18:04	2026-04-19 17:18:06	0	1	1	0	0	0	0
001127	2	92344078	00000		FADC_001127.root.00000	SADC_001127.root.00000	2026-04-19 17:18:13	2026-04-19 17:18:14	0	1	1	0	0	0	0
001128	2	167116222	00000		FADC_001128.root.00000	SADC_001128.root.00000	2026-04-19 17:18:32	2026-04-19 17:18:33	0	1	1	0	0	0	0
001129	1	1102					2026-04-19 17:18:33	2026-04-19 17:18:33	0	0	0	1	0	0	0
001130	359	45887429	00191	00273	FADC_001130.root.00191	SADC_001130.root.00273	2026-04-19 17:18:33	2026-04-19 17:18:39	0	83	274	1	1	0	0
001132	1	1102					2026-04-19 17:18:39	2026-04-19 17:18:39	0	0	0	1	0	0	0
001133	1	1102					2026-04-19 17:18:39	2026-04-19 17:18:39	0	0	0	1	0	0	0
001134	1	1102					2026-04-19 17:18:39	2026-04-19 17:18:39	0	0	0	1	0	0	0
001135	1	1102					2026-04-19 17:18:39	2026-04-19 17:18:39	0	0	0	1	0	0	0
001136	1	1102					2026-04-19 17:18:39	2026-04-19 17:18:39	0	0	0	1	0	0	0
001138	1	1102					2026-04-19 17:18:40	2026-04-19 17:18:40	0	0	0	1	0	0	0
001140	1	1102					2026-04-19 17:18:40	2026-04-19 17:18:40	0	0	0	1	0	0	0
001141	14	5312644392	00000	00004	FADC_001141.root.00000	SADC_001141.root.00004	2026-04-19 17:19:56	2026-04-19 17:27:39	0	5	5	2	1	1	0
001142	2	16088	00000		FADC_001142.root.00000	SADC_001142.root.00000	2026-04-19 17:27:39	2026-04-19 17:27:39	0	1	1	0	0	0	0
001143	1	1102					2026-04-19 17:27:39	2026-04-19 17:27:39	0	0	0	1	0	0	0
001144	1	1102					2026-04-19 17:27:39	2026-04-19 17:27:39	0	0	0	1	0	0	0
001145	1	1102					2026-04-19 17:27:39	2026-04-19 17:27:39	0	0	0	1	0	0	0
001146	1	1102					2026-04-19 17:27:39	2026-04-19 17:27:39	0	0	0	1	0	0	0
001148	1	1102					2026-04-19 17:27:39	2026-04-19 17:27:39	0	0	0	1	0	0	0
001149	1	1102					2026-04-19 17:27:39	2026-04-19 17:27:39	0	0	0	1	0	0	0
001150	1	1102					2026-04-19 17:27:40	2026-04-19 17:27:40	0	0	0	1	0	0	0
001151	1	1102					2026-04-19 17:27:40	2026-04-19 17:27:40	0	0	0	1	0	0	0
001152	1	1102					2026-04-19 17:27:40	2026-04-19 17:27:40	0	0	0	1	0	0	0
001153	2	16088	00000		FADC_001153.root.00000	SADC_001153.root.00000	2026-04-19 17:27:40	2026-04-19 17:27:40	0	1	1	0	0	0	0
001154	1	1102					2026-04-19 17:27:40	2026-04-19 17:27:40	0	0	0	1	0	0	0
001155	1	1102					2026-04-19 17:27:40	2026-04-19 17:27:40	0	0	0	1	0	0	0
001156	1	1102					2026-04-19 17:27:40	2026-04-19 17:27:40	0	0	0	1	0	0	0
001157	1	1102					2026-04-19 17:27:40	2026-04-19 17:27:40	0	0	0	1	0	0	0
001158	1	1102					2026-04-19 17:27:40	2026-04-19 17:27:40	0	0	0	1	0	0	0
001159	1	1102					2026-04-19 17:27:40	2026-04-19 17:27:40	0	0	0	1	0	0	0
001160	1	1102					2026-04-19 17:27:40	2026-04-19 17:27:40	0	0	0	1	0	0	0
001161	1	1102					2026-04-19 17:27:40	2026-04-19 17:27:40	0	0	0	1	0	0	0
001162	1	1102					2026-04-19 17:27:40	2026-04-19 17:27:40	0	0	0	1	0	0	0
001163	1	1102					2026-04-19 17:27:41	2026-04-19 17:27:41	0	0	0	1	0	0	0
001164	1	1102					2026-04-19 17:27:41	2026-04-19 17:27:41	0	0	0	1	0	0	0
001165	1	1102					2026-04-19 17:27:41	2026-04-19 17:27:41	0	0	0	1	0	0	0
001166	1	1102					2026-04-19 17:27:41	2026-04-19 17:27:41	0	0	0	1	0	0	0
001167	2	16088	00000		FADC_001167.root.00000	SADC_001167.root.00000	2026-04-19 17:27:41	2026-04-19 17:27:41	0	1	1	0	0	0	0
001168	1	1102					2026-04-19 17:27:41	2026-04-19 17:27:41	0	0	0	1	0	0	0
001169	0	0							0	0	0	0	0	0	0
001170	1	1102					2026-04-19 17:27:41	2026-04-19 17:27:41	0	0	0	1	0	0	0
001172	1	1102					2026-04-19 17:27:41	2026-04-19 17:27:41	0	0	0	1	0	0	0
001173	1	1102					2026-04-19 17:27:41	2026-04-19 17:27:41	0	0	0	1	0	0	0
001174	6	2053202550	00000	00002	FADC_001174.root.00000	SADC_001174.root.00002	2026-04-19 17:28:56	2026-04-19 17:31:10	0	3	3	0	0	0	0
001175	2	16088	00000		FADC_001175.root.00000	SADC_001175.root.00000	2026-04-19 17:31:10	2026-04-19 17:31:10	0	1	1	0	0	0	0
001176	4	1096096447	00000	00001	FADC_001176.root.00000	SADC_001176.root.00001	2026-04-19 17:32:26	2026-04-19 17:33:03	0	2	2	0	0	0	0
001177	4	1140075477	00000	00001	FADC_001177.root.00000	SADC_001177.root.00001	2026-04-19 17:34:15	2026-04-19 17:34:59	0	2	2	0	0	0	0
001178	4	1088799081	00000	00001	FADC_001178.root.00000	SADC_001178.root.00001	2026-04-19 17:36:11	2026-04-19 17:36:47	0	2	2	0	0	0	0
001179	4	1156278619	00000	00001	FADC_001179.root.00000	SADC_001179.root.00001	2026-04-19 17:38:04	2026-04-19 17:38:45	0	2	2	0	0	0	0
001180	4	1226155415	00000	00001	FADC_001180.root.00000	SADC_001180.root.00001	2026-04-19 17:40:03	2026-04-19 17:40:49	0	2	2	0	0	0	0
001181	4	1002610228	00000	00001	FADC_001181.root.00000	SADC_001181.root.00001	2026-04-19 17:42:06	2026-04-19 17:42:34	0	2	2	0	0	0	0
001182	2	16088	00000		FADC_001182.root.00000	SADC_001182.root.00000	2026-04-19 17:42:34	2026-04-19 17:42:34	0	1	1	0	0	0	0
001183	1	1102					2026-04-19 17:42:34	2026-04-19 17:42:34	0	0	0	1	0	0	0
001185	1	1102					2026-04-19 17:42:34	2026-04-19 17:42:34	0	0	0	1	0	0	0
001186	1	1102					2026-04-19 17:42:34	2026-04-19 17:42:34	0	0	0	1	0	0	0
001187	1	1102					2026-04-19 17:42:34	2026-04-19 17:42:34	0	0	0	1	0	0	0
001188	1	1102					2026-04-19 17:42:34	2026-04-19 17:42:34	0	0	0	1	0	0	0
001189	1	1102					2026-04-19 17:42:34	2026-04-19 17:42:34	0	0	0	1	0	0	0
001190	1	1102					2026-04-19 17:42:35	2026-04-19 17:42:35	0	0	0	1	0	0	0
001192	1	1102					2026-04-19 17:42:35	2026-04-19 17:42:35	0	0	0	1	0	0	0
001193	2	16088	00000		FADC_001193.root.00000	SADC_001193.root.00000	2026-04-19 17:42:35	2026-04-19 17:42:35	0	1	1	0	0	0	0
001194	1	1102					2026-04-19 17:42:35	2026-04-19 17:42:35	0	0	0	1	0	0	0
001195	1	1102					2026-04-19 17:42:35	2026-04-19 17:42:35	0	0	0	1	0	0	0
001196	1	1102					2026-04-19 17:42:35	2026-04-19 17:42:35	0	0	0	1	0	0	0
001197	1	1102					2026-04-19 17:42:35	2026-04-19 17:42:35	0	0	0	1	0	0	0
001198	1	1102					2026-04-19 17:42:35	2026-04-19 17:42:35	0	0	0	1	0	0	0
001199	1	1102					2026-04-19 17:42:35	2026-04-19 17:42:35	0	0	0	1	0	0	0
0012	0	0							0	0	0	0	0	0	0
001200	1	1102					2026-04-19 17:42:35	2026-04-19 17:42:35	0	0	0	1	0	0	0
001201	2	16088	00000		FADC_001201.root.00000	SADC_001201.root.00000	2026-04-19 17:42:35	2026-04-19 17:42:35	0	1	1	0	0	0	0
001202	1	1102					2026-04-19 17:42:35	2026-04-19 17:42:35	0	0	0	1	0	0	0
001203	1	1102					2026-04-19 17:42:36	2026-04-19 17:42:36	0	0	0	1	0	0	0
001204	6	2003744571	00000	00002	FADC_001204.root.00000	SADC_001204.root.00002	2026-04-19 17:43:47	2026-04-19 17:45:59	0	3	3	0	0	0	0
001205	2	16088	00000		FADC_001205.root.00000	SADC_001205.root.00000	2026-04-19 17:45:59	2026-04-19 17:45:59	0	1	1	0	0	0	0
001208	1	1102					2026-04-19 17:45:59	2026-04-19 17:45:59	0	0	0	1	0	0	0
001209	1	1102					2026-04-19 17:45:59	2026-04-19 17:45:59	0	0	0	1	0	0	0
001210	1	1102					2026-04-19 17:45:59	2026-04-19 17:45:59	0	0	0	1	0	0	0
001211	1	1102					2026-04-19 17:45:59	2026-04-19 17:45:59	0	0	0	1	0	0	0
001212	1	1102					2026-04-19 17:45:59	2026-04-19 17:45:59	0	0	0	1	0	0	0
001213	1	1102					2026-04-19 17:45:59	2026-04-19 17:45:59	0	0	0	1	0	0	0
001214	1	1102					2026-04-19 17:46:00	2026-04-19 17:46:00	0	0	0	1	0	0	0
001215	1	1102					2026-04-19 17:46:00	2026-04-19 17:46:00	0	0	0	1	0	0	0
001216	1	1102					2026-04-19 17:46:00	2026-04-19 17:46:00	0	0	0	1	0	0	0
001217	14	5397322038	00000	00006	FADC_001217.root.00000	SADC_001217.root.00006	2026-04-19 17:47:11	2026-04-19 17:55:08	0	7	7	0	0	0	0
001220	2	935755053	00000		FADC_001220.root.00000	SADC_001220.root.00000	2026-04-19 17:56:34	2026-04-19 17:56:42	0	1	1	0	0	0	0
001221	1	1102					2026-04-19 17:56:42	2026-04-19 17:56:42	0	0	0	1	0	0	0
001222	1	1102					2026-04-19 17:56:42	2026-04-19 17:56:42	0	0	0	1	0	0	0
001223	2	157276653	00000		FADC_001223.root.00000	SADC_001223.root.00000	2026-04-19 17:56:58	2026-04-19 17:56:59	0	1	1	0	0	0	0
001224	1	1102					2026-04-19 17:56:59	2026-04-19 17:56:59	0	0	0	1	0	0	0
001225	1	1102					2026-04-19 17:56:59	2026-04-19 17:56:59	0	0	0	1	0	0	0
001226	1	1102					2026-04-19 17:56:59	2026-04-19 17:56:59	0	0	0	1	0	0	0
001227	1	1102					2026-04-19 17:56:59	2026-04-19 17:56:59	0	0	0	1	0	0	0
001228	2	16088	00000		FADC_001228.root.00000	SADC_001228.root.00000	2026-04-19 17:56:59	2026-04-19 17:56:59	0	1	1	0	0	0	0
001229	6	1888008494	00000	00002	FADC_001229.root.00000	SADC_001229.root.00002	2026-04-19 17:58:03	2026-04-19 17:59:45	0	3	3	0	0	0	0
001230	2	16088	00000		FADC_001230.root.00000	SADC_001230.root.00000	2026-04-19 17:59:45	2026-04-19 17:59:45	0	1	1	0	0	0	0
001231	1	1102					2026-04-19 17:59:45	2026-04-19 17:59:45	0	0	0	1	0	0	0
001232	2	16088	00000		FADC_001232.root.00000	SADC_001232.root.00000	2026-04-19 17:59:45	2026-04-19 17:59:45	0	1	1	0	0	0	0
001233	2	30117257	00000		FADC_001233.root.00000	SADC_001233.root.00000	2026-04-19 17:59:48	2026-04-19 17:59:48	0	1	1	0	0	0	0
001234	2	16088	00000		FADC_001234.root.00000	SADC_001234.root.00000	2026-04-19 17:59:48	2026-04-19 17:59:48	0	1	1	0	0	0	0
001235	1	1102					2026-04-19 17:59:48	2026-04-19 17:59:48	0	0	0	1	0	0	0
001236	1	1102					2026-04-19 17:59:48	2026-04-19 17:59:48	0	0	0	1	0	0	0
001237	1	1102					2026-04-19 17:59:48	2026-04-19 17:59:48	0	0	0	1	0	0	0
001238	1	1102					2026-04-19 17:59:48	2026-04-19 17:59:48	0	0	0	1	0	0	0
001239	1	1102					2026-04-19 17:59:48	2026-04-19 17:59:48	0	0	0	1	0	0	0
001240	1	1102					2026-04-19 17:59:48	2026-04-19 17:59:48	0	0	0	1	0	0	0
001241	1	1102					2026-04-19 17:59:49	2026-04-19 17:59:49	0	0	0	1	0	0	0
001242	1	1102					2026-04-19 17:59:49	2026-04-19 17:59:49	0	0	0	1	0	0	0
001243	1	1102					2026-04-19 17:59:49	2026-04-19 17:59:49	0	0	0	1	0	0	0
001244	1	1102					2026-04-19 17:59:49	2026-04-19 17:59:49	0	0	0	1	0	0	0
001245	1	1102					2026-04-19 17:59:49	2026-04-19 17:59:49	0	0	0	1	0	0	0
001246	1	1102					2026-04-19 17:59:49	2026-04-19 17:59:49	0	0	0	1	0	0	0
001247	1	1102					2026-04-19 17:59:49	2026-04-19 17:59:49	0	0	0	1	0	0	0
001248	1	1102					2026-04-19 17:59:49	2026-04-19 17:59:49	0	0	0	1	0	0	0
001249	1	1102					2026-04-19 17:59:49	2026-04-19 17:59:49	0	0	0	1	0	0	0
001250	1	1102					2026-04-19 17:59:49	2026-04-19 17:59:49	0	0	0	1	0	0	0
001251	1	1102					2026-04-19 17:59:49	2026-04-19 17:59:49	0	0	0	1	0	0	0
001252	1	1102					2026-04-19 17:59:49	2026-04-19 17:59:49	0	0	0	1	0	0	0
001253	1	1102					2026-04-19 17:59:50	2026-04-19 17:59:50	0	0	0	1	0	0	0
001254	2	16088	00000		FADC_001254.root.00000	SADC_001254.root.00000	2026-04-19 17:59:50	2026-04-19 17:59:50	0	1	1	0	0	0	0
001255	2	570132	00000		FADC_001255.root.00000	SADC_001255.root.00000	2026-04-19 17:59:50	2026-04-19 17:59:50	0	1	1	0	0	0	0
001256	1	1102					2026-04-19 17:59:50	2026-04-19 17:59:50	0	0	0	1	0	0	0
001257	1	1102					2026-04-19 17:59:50	2026-04-19 17:59:50	0	0	0	1	0	0	0
001258	1	1102					2026-04-19 17:59:50	2026-04-19 17:59:50	0	0	0	1	0	0	0
001259	1	1102					2026-04-19 17:59:50	2026-04-19 17:59:50	0	0	0	1	0	0	0
001260	2	16088	00000		FADC_001260.root.00000	SADC_001260.root.00000	2026-04-19 17:59:50	2026-04-19 17:59:50	0	1	1	0	0	0	0
001261	2	16088	00000		FADC_001261.root.00000	SADC_001261.root.00000	2026-04-19 17:59:50	2026-04-19 17:59:50	0	1	1	0	0	0	0
001262	1	1102					2026-04-19 17:59:50	2026-04-19 17:59:50	0	0	0	1	0	0	0
001263	1	1102					2026-04-19 17:59:50	2026-04-19 17:59:50	0	0	0	1	0	0	0
001264	1	1102					2026-04-19 17:59:51	2026-04-19 17:59:51	0	0	0	1	0	0	0
001265	1	1102					2026-04-19 17:59:51	2026-04-19 17:59:51	0	0	0	1	0	0	0
001266	2	16088	00000		FADC_001266.root.00000	SADC_001266.root.00000	2026-04-19 17:59:51	2026-04-19 17:59:51	0	1	1	0	0	0	0
001267	1	1102					2026-04-19 17:59:51	2026-04-19 17:59:51	0	0	0	1	0	0	0
001268	1	1102					2026-04-19 17:59:51	2026-04-19 17:59:51	0	0	0	1	0	0	0
001269	2	16088	00000		FADC_001269.root.00000	SADC_001269.root.00000	2026-04-19 17:59:51	2026-04-19 17:59:51	0	1	1	0	0	0	0
001270	1	1102					2026-04-19 17:59:51	2026-04-19 17:59:51	0	0	0	1	0	0	0
001271	1	1102					2026-04-19 17:59:51	2026-04-19 17:59:51	0	0	0	1	0	0	0
001272	1	1102					2026-04-19 17:59:51	2026-04-19 17:59:51	0	0	0	1	0	0	0
001273	1	1102					2026-04-19 17:59:51	2026-04-19 17:59:51	0	0	0	1	0	0	0
001274	1	1102					2026-04-19 17:59:51	2026-04-19 17:59:51	0	0	0	1	0	0	0
001275	1	1102					2026-04-19 17:59:51	2026-04-19 17:59:51	0	0	0	1	0	0	0
001276	1	1102					2026-04-19 17:59:52	2026-04-19 17:59:52	0	0	0	1	0	0	0
001277	1	1102					2026-04-19 17:59:52	2026-04-19 17:59:52	0	0	0	1	0	0	0
001278	1	1102					2026-04-19 17:59:52	2026-04-19 17:59:52	0	0	0	1	0	0	0
001279	2	16088	00000		FADC_001279.root.00000	SADC_001279.root.00000	2026-04-19 17:59:52	2026-04-19 17:59:52	0	1	1	0	0	0	0
001280	1	1102					2026-04-19 17:59:52	2026-04-19 17:59:52	0	0	0	1	0	0	0
001281	1	1102					2026-04-19 17:59:52	2026-04-19 17:59:52	0	0	0	1	0	0	0
001282	1	1102					2026-04-19 17:59:52	2026-04-19 17:59:52	0	0	0	1	0	0	0
001283	4	712079	00000	00001	FADC_001283.root.00000	SADC_001283.root.00001	2026-04-19 17:59:52	2026-04-19 17:59:52	0	2	2	0	0	0	0
001284	1	1102					2026-04-19 17:59:52	2026-04-19 17:59:52	0	0	0	1	0	0	0
001285	1	1102					2026-04-19 17:59:52	2026-04-19 17:59:52	0	0	0	1	0	0	0
001286	1	1102					2026-04-19 17:59:52	2026-04-19 17:59:52	0	0	0	1	0	0	0
001287	1	1102					2026-04-19 17:59:53	2026-04-19 17:59:53	0	0	0	1	0	0	0
001288	1	1102					2026-04-19 17:59:53	2026-04-19 17:59:53	0	0	0	1	0	0	0
001289	1	1102					2026-04-19 17:59:53	2026-04-19 17:59:53	0	0	0	1	0	0	0
001290	1	1102					2026-04-19 17:59:53	2026-04-19 17:59:53	0	0	0	1	0	0	0
001291	1	1102					2026-04-19 17:59:53	2026-04-19 17:59:53	0	0	0	1	0	0	0
001292	1	1102					2026-04-19 17:59:53	2026-04-19 17:59:53	0	0	0	1	0	0	0
001293	1	1102					2026-04-19 17:59:53	2026-04-19 17:59:53	0	0	0	1	0	0	0
001294	1	1102					2026-04-19 17:59:53	2026-04-19 17:59:53	0	0	0	1	0	0	0
001295	1	1102					2026-04-19 17:59:53	2026-04-19 17:59:53	0	0	0	1	0	0	0
001296	1	1102					2026-04-19 17:59:53	2026-04-19 17:59:53	0	0	0	1	0	0	0
001297	1	1102					2026-04-19 17:59:54	2026-04-19 17:59:54	0	0	0	1	0	0	0
001298	1	1102					2026-04-19 17:59:54	2026-04-19 17:59:54	0	0	0	1	0	0	0
001299	1	1102					2026-04-19 17:59:54	2026-04-19 17:59:54	0	0	0	1	0	0	0
001300	1	1102					2026-04-19 17:59:54	2026-04-19 17:59:54	0	0	0	1	0	0	0
001301	1	1102					2026-04-19 17:59:54	2026-04-19 17:59:54	0	0	0	1	0	0	0
001302	1	1102					2026-04-19 17:59:54	2026-04-19 17:59:54	0	0	0	1	0	0	0
001303	1	1102					2026-04-19 17:59:54	2026-04-19 17:59:54	0	0	0	1	0	0	0
001304	1	1102					2026-04-19 17:59:54	2026-04-19 17:59:54	0	0	0	1	0	0	0
001305	1	1102					2026-04-19 17:59:54	2026-04-19 17:59:54	0	0	0	1	0	0	0
001306	1	1102					2026-04-19 17:59:54	2026-04-19 17:59:54	0	0	0	1	0	0	0
001308	1	1102					2026-04-19 17:59:54	2026-04-19 17:59:54	0	0	0	1	0	0	0
001309	1	1102					2026-04-19 17:59:55	2026-04-19 17:59:55	0	0	0	1	0	0	0
001310	1	1102					2026-04-19 17:59:55	2026-04-19 17:59:55	0	0	0	1	0	0	0
001311	1	1102					2026-04-19 17:59:55	2026-04-19 17:59:55	0	0	0	1	0	0	0
001312	1	1102					2026-04-19 17:59:55	2026-04-19 17:59:55	0	0	0	1	0	0	0
001313	1	1102					2026-04-19 17:59:55	2026-04-19 17:59:55	0	0	0	1	0	0	0
001314	1	1102					2026-04-19 17:59:55	2026-04-19 17:59:55	0	0	0	1	0	0	0
001315	1	1102					2026-04-19 17:59:55	2026-04-19 17:59:55	0	0	0	1	0	0	0
001316	1	1102					2026-04-19 17:59:55	2026-04-19 17:59:55	0	0	0	1	0	0	0
001317	1	1102					2026-04-19 17:59:55	2026-04-19 17:59:55	0	0	0	1	0	0	0
001318	1	1102					2026-04-19 17:59:55	2026-04-19 17:59:55	0	0	0	1	0	0	0
001319	1	1102					2026-04-19 17:59:55	2026-04-19 17:59:55	0	0	0	1	0	0	0
001320	1	1102					2026-04-19 17:59:55	2026-04-19 17:59:55	0	0	0	1	0	0	0
001321	1	1102					2026-04-19 17:59:56	2026-04-19 17:59:56	0	0	0	1	0	0	0
001322	1	1102					2026-04-19 17:59:56	2026-04-19 17:59:56	0	0	0	1	0	0	0
001323	1	1102					2026-04-19 17:59:56	2026-04-19 17:59:56	0	0	0	1	0	0	0
001324	1	1102					2026-04-19 17:59:56	2026-04-19 17:59:56	0	0	0	1	0	0	0
001325	1	1102					2026-04-19 17:59:56	2026-04-19 17:59:56	0	0	0	1	0	0	0
001326	402	50260311287	00000	00200	FADC_001326.root.00000	SADC_001326.root.00200	2026-04-19 18:00:15	2026-04-19 22:24:32	0	201	201	0	0	0	0
001328	2	236312117	00000		FADC_001328.root.00000	SADC_001328.root.00000	2026-04-19 22:25:04	2026-04-19 22:25:11	0	1	1	0	0	0	0
001329	2	15736283	00000		FADC_001329.root.00000	SADC_001329.root.00000	2026-04-19 22:25:12	2026-04-19 22:25:12	0	1	1	0	0	0	0
001330	2	2992808	00000		FADC_001330.root.00000	SADC_001330.root.00000	2026-04-19 22:25:13	2026-04-19 22:25:13	0	1	1	0	0	0	0
001331	2	8070698	00000		FADC_001331.root.00000	SADC_001331.root.00000	2026-04-19 22:25:16	2026-04-19 22:25:16	0	1	1	0	0	0	0
001334	2	910532	00000		FADC_001334.root.00000	SADC_001334.root.00000	2026-04-19 22:25:16	2026-04-19 22:25:16	0	1	1	0	0	0	0
001335	2	928514	00000		FADC_001335.root.00000	SADC_001335.root.00000	2026-04-19 22:25:16	2026-04-19 22:25:16	0	1	1	0	0	0	0
001336	2	773209	00000		FADC_001336.root.00000	SADC_001336.root.00000	2026-04-19 22:25:16	2026-04-19 22:25:16	0	1	1	0	0	0	0
001337	2	1026003092	00000		FADC_001337.root.00000	SADC_001337.root.00000	2026-04-19 22:27:10	2026-04-19 22:27:58	0	1	1	0	0	0	0
001338	10	2002846	00000	00004	FADC_001338.root.00000	SADC_001338.root.00004	2026-04-19 22:27:58	2026-04-19 22:27:59	0	5	5	0	0	0	0
001343	2	86882271	00000		FADC_001343.root.00000	SADC_001343.root.00000	2026-04-19 22:28:07	2026-04-19 22:28:09	0	1	1	0	0	0	0
001345	2	16088	00000		FADC_001345.root.00000	SADC_001345.root.00000	2026-04-19 22:28:09	2026-04-19 22:28:09	0	1	1	0	0	0	0
001346	2	119701639	00000		FADC_001346.root.00000	SADC_001346.root.00000	2026-04-19 22:28:26	2026-04-19 22:28:28	0	1	1	0	0	0	0
001347	2	16088	00000		FADC_001347.root.00000	SADC_001347.root.00000	2026-04-19 22:28:33	2026-04-19 22:28:33	0	1	1	0	0	0	0
001349	2	171259006	00000		FADC_001349.root.00000	SADC_001349.root.00000	2026-04-19 22:28:49	2026-04-19 22:29:00	0	1	1	0	0	0	0
001350	2	16088	00000		FADC_001350.root.00000	SADC_001350.root.00000	2026-04-19 22:29:00	2026-04-19 22:29:00	0	1	1	0	0	0	0
001352	2	87311165	00000		FADC_001352.root.00000	SADC_001352.root.00000	2026-04-19 22:29:08	2026-04-19 22:29:14	0	1	1	0	0	0	0
001353	2	117420846	00000		FADC_001353.root.00000	SADC_001353.root.00000	2026-04-19 22:29:27	2026-04-19 22:29:29	0	1	1	0	0	0	0
001354	2	181340668	00000		FADC_001354.root.00000	SADC_001354.root.00000	2026-04-19 22:29:55	2026-04-19 22:30:01	0	1	1	0	0	0	0
001355	2	16088	00000		FADC_001355.root.00000	SADC_001355.root.00000	2026-04-19 22:30:01	2026-04-19 22:30:01	0	1	1	0	0	0	0
001356	2	163613350	00000		FADC_001356.root.00000	SADC_001356.root.00000	2026-04-19 22:30:21	2026-04-19 22:30:27	0	1	1	0	0	0	0
001358	2	16088	00000		FADC_001358.root.00000	SADC_001358.root.00000	2026-04-19 22:30:27	2026-04-19 22:30:27	0	1	1	0	0	0	0
001359	2	155783418	00000		FADC_001359.root.00000	SADC_001359.root.00000	2026-04-19 22:30:46	2026-04-19 22:30:50	0	1	1	0	0	0	0
001360	2	149772206	00000		FADC_001360.root.00000	SADC_001360.root.00000	2026-04-19 22:31:08	2026-04-19 22:31:16	0	1	1	0	0	0	0
001361	2	16088	00000		FADC_001361.root.00000	SADC_001361.root.00000	2026-04-19 22:31:16	2026-04-19 22:31:16	0	1	1	0	0	0	0
001362	2	202184319	00000		FADC_001362.root.00000	SADC_001362.root.00000	2026-04-19 22:31:39	2026-04-19 22:31:47	0	1	1	0	0	0	0
001363	2	200729	00000		FADC_001363.root.00000	SADC_001363.root.00000	2026-04-19 22:31:48	2026-04-19 22:31:48	0	1	1	0	0	0	0
001364	2	110861724	00000		FADC_001364.root.00000	SADC_001364.root.00000	2026-04-19 22:32:02	2026-04-19 22:32:07	0	1	1	0	0	0	0
001365	2	285844686	00000		FADC_001365.root.00000	SADC_001365.root.00000	2026-04-19 22:32:25	2026-04-19 22:32:47	0	1	1	0	0	0	0
001366	2	150932182	00000		FADC_001366.root.00000	SADC_001366.root.00000	2026-04-19 22:32:57	2026-04-19 22:33:00	0	1	1	0	0	0	0
001367	2	16088	00000		FADC_001367.root.00000	SADC_001367.root.00000	2026-04-19 22:33:00	2026-04-19 22:33:00	0	1	1	0	0	0	0
001368	4	32176	00000	00001	FADC_001368.root.00000	SADC_001368.root.00001	2026-04-19 22:33:00	2026-04-19 22:33:00	0	2	2	0	0	0	0
001369	10	112445	00000	00004	FADC_001369.root.00000	SADC_001369.root.00004	2026-04-19 22:33:00	2026-04-19 22:33:00	0	5	5	0	0	0	0
00137	0	0							0	0	0	0	0	0	0
001370	2	43267	00000		FADC_001370.root.00000	SADC_001370.root.00000	2026-04-19 22:33:01	2026-04-19 22:33:01	0	1	1	0	0	0	0
001371	1	1102					2026-04-19 22:33:01	2026-04-19 22:33:01	0	0	0	1	0	0	0
001373	2	16088	00000		FADC_001373.root.00000	SADC_001373.root.00000	2026-04-19 22:33:01	2026-04-19 22:33:01	0	1	1	0	0	0	0
001374	2	16088	00000		FADC_001374.root.00000	SADC_001374.root.00000	2026-04-19 22:33:01	2026-04-19 22:33:01	0	1	1	0	0	0	0
001375	1	1102					2026-04-19 22:33:01	2026-04-19 22:33:01	0	0	0	1	0	0	0
001376	1	1102					2026-04-19 22:33:01	2026-04-19 22:33:01	0	0	0	1	0	0	0
001377	1	1102					2026-04-19 22:33:01	2026-04-19 22:33:01	0	0	0	1	0	0	0
001378	1	1102					2026-04-19 22:33:01	2026-04-19 22:33:01	0	0	0	1	0	0	0
001379	1	1102					2026-04-19 22:33:01	2026-04-19 22:33:01	0	0	0	1	0	0	0
001381	2	5079154	00000		FADC_001381.root.00000	SADC_001381.root.00000	2026-04-19 22:33:02	2026-04-19 22:33:02	0	1	1	0	0	0	0
001382	1	1102					2026-04-19 22:33:02	2026-04-19 22:33:02	0	0	0	1	0	0	0
001383	1	1102					2026-04-19 22:33:02	2026-04-19 22:33:02	0	0	0	1	0	0	0
001384	1	1102					2026-04-19 22:33:02	2026-04-19 22:33:02	0	0	0	1	0	0	0
001385	2	16088	00000		FADC_001385.root.00000	SADC_001385.root.00000	2026-04-19 22:33:02	2026-04-19 22:33:02	0	1	1	0	0	0	0
001386	1	1102					2026-04-19 22:33:02	2026-04-19 22:33:02	0	0	0	1	0	0	0
001387	1	1102					2026-04-19 22:33:02	2026-04-19 22:33:02	0	0	0	1	0	0	0
001388	1	1102					2026-04-19 22:33:02	2026-04-19 22:33:02	0	0	0	1	0	0	0
001397	2	26845	00000		FADC_001397.root.00000	SADC_001397.root.00000	2026-04-19 22:33:03	2026-04-19 22:33:03	0	1	1	0	0	0	0
001398	2283	158755981	00439	01359	FADC_001398.root.00439	SADC_001398.root.01359	2026-04-19 22:33:03	2026-04-19 22:33:29	0	921	1360	1	1	0	0
001399	1	1102					2026-04-19 22:33:29	2026-04-19 22:33:29	0	0	0	1	0	0	0
001400	1	1102					2026-04-19 22:33:29	2026-04-19 22:33:29	0	0	0	1	0	0	0
001401	4	213461	00000	00001	FADC_001401.root.00000	SADC_001401.root.00001	2026-04-19 22:33:29	2026-04-19 22:33:29	0	2	2	0	0	0	0
001402	68	5219149	00000	00033	FADC_001402.root.00000	SADC_001402.root.00033	2026-04-19 22:33:29	2026-04-19 22:33:30	0	34	34	0	0	0	0
001403	1	1102					2026-04-19 22:33:30	2026-04-19 22:33:30	0	0	0	1	0	0	0
001404	2	16088	00000		FADC_001404.root.00000	SADC_001404.root.00000	2026-04-19 22:33:30	2026-04-19 22:33:30	0	1	1	0	0	0	0
001405	2	16088	00000		FADC_001405.root.00000	SADC_001405.root.00000	2026-04-19 22:33:30	2026-04-19 22:33:30	0	1	1	0	0	0	0
001406	2	16088	00000		FADC_001406.root.00000	SADC_001406.root.00000	2026-04-19 22:33:30	2026-04-19 22:33:30	0	1	1	0	0	0	0
001407	2	22623	00000		FADC_001407.root.00000	SADC_001407.root.00000	2026-04-19 22:33:30	2026-04-19 22:33:30	0	1	1	0	0	0	0
001408	1	1102					2026-04-19 22:33:31	2026-04-19 22:33:31	0	0	0	1	0	0	0
001409	1	1102					2026-04-19 22:33:31	2026-04-19 22:33:31	0	0	0	1	0	0	0
001410	2	248709	00000		FADC_001410.root.00000	SADC_001410.root.00000	2026-04-19 22:33:31	2026-04-19 22:33:31	0	1	1	0	0	0	0
001411	1	1102					2026-04-19 22:33:31	2026-04-19 22:33:31	0	0	0	1	0	0	0
001412	1	1102					2026-04-19 22:33:31	2026-04-19 22:33:31	0	0	0	1	0	0	0
001413	1	1102					2026-04-19 22:33:31	2026-04-19 22:33:31	0	0	0	1	0	0	0
001414	16	42162369	00000	00007	FADC_001414.root.00000	SADC_001414.root.00007	2026-04-19 22:33:32	2026-04-19 22:33:35	0	8	8	0	0	0	0
001415	3	1227376	00006	00006	FADC_001415.root.00006	SADC_001415.root.00006	2026-04-19 22:33:35	2026-04-19 22:33:35	0	1	1	1	0	0	0
001416	1	1102					2026-04-19 22:33:35	2026-04-19 22:33:35	0	0	0	1	0	0	0
001417	5	10901120	00009	00010	FADC_001417.root.00009	SADC_001417.root.00010	2026-04-19 22:33:36	2026-04-19 22:33:36	0	2	2	1	0	0	0
001418	1	1102					2026-04-19 22:33:36	2026-04-19 22:33:36	0	0	0	1	0	0	0
001419	21	61076272	00021	00030	FADC_001419.root.00021	SADC_001419.root.00030	2026-04-19 22:33:37	2026-04-19 22:33:42	0	10	10	1	0	0	0
001420	1	1102					2026-04-19 22:33:42	2026-04-19 22:33:42	0	0	0	1	0	0	0
001421	0	0							0	0	0	0	0	0	0
001422	1	1102					2026-04-19 22:33:42	2026-04-19 22:33:42	0	0	0	1	0	0	0
001423	1	1102					2026-04-19 22:33:42	2026-04-19 22:33:42	0	0	0	1	0	0	0
001424	1	1102					2026-04-19 22:33:42	2026-04-19 22:33:42	0	0	0	1	0	0	0
001425	1	1102					2026-04-19 22:33:42	2026-04-19 22:33:42	0	0	0	1	0	0	0
001426	1	1102					2026-04-19 22:33:42	2026-04-19 22:33:42	0	0	0	1	0	0	0
001427	2	131726	00000		FADC_001427.root.00000	SADC_001427.root.00000	2026-04-19 22:33:42	2026-04-19 22:33:42	0	1	1	0	0	0	0
001429	2	16088	00000		FADC_001429.root.00000	SADC_001429.root.00000	2026-04-19 22:33:43	2026-04-19 22:33:43	0	1	1	0	0	0	0
001430	1	1102					2026-04-19 22:33:43	2026-04-19 22:33:43	0	0	0	1	0	0	0
001431	1	1102					2026-04-19 22:33:43	2026-04-19 22:33:43	0	0	0	1	0	0	0
001432	1	1102					2026-04-19 22:33:43	2026-04-19 22:33:43	0	0	0	1	0	0	0
001433	1	1102					2026-04-19 22:33:43	2026-04-19 22:33:43	0	0	0	1	0	0	0
001434	1	1102					2026-04-19 22:33:43	2026-04-19 22:33:43	0	0	0	1	0	0	0
001435	1	1102					2026-04-19 22:33:43	2026-04-19 22:33:43	0	0	0	1	0	0	0
001436	1	1102					2026-04-19 22:33:43	2026-04-19 22:33:43	0	0	0	1	0	0	0
001437	1	1102					2026-04-19 22:33:43	2026-04-19 22:33:43	0	0	0	1	0	0	0
001438	1	1102					2026-04-19 22:33:43	2026-04-19 22:33:43	0	0	0	1	0	0	0
001439	1	1102					2026-04-19 22:33:43	2026-04-19 22:33:43	0	0	0	1	0	0	0
001440	1	1102					2026-04-19 22:33:43	2026-04-19 22:33:43	0	0	0	1	0	0	0
001441	1	1102					2026-04-19 22:33:43	2026-04-19 22:33:43	0	0	0	1	0	0	0
001442	6	93608	00000	00002	FADC_001442.root.00000	SADC_001442.root.00002	2026-04-19 22:33:44	2026-04-19 22:33:44	0	3	3	0	0	0	0
001443	1	1102					2026-04-19 22:33:44	2026-04-19 22:33:44	0	0	0	1	0	0	0
001444	1	1102					2026-04-19 22:33:44	2026-04-19 22:33:44	0	0	0	1	0	0	0
001445	1	1102					2026-04-19 22:33:44	2026-04-19 22:33:44	0	0	0	1	0	0	0
001446	1	1102					2026-04-19 22:33:44	2026-04-19 22:33:44	0	0	0	1	0	0	0
001447	1	1102					2026-04-19 22:33:44	2026-04-19 22:33:44	0	0	0	1	0	0	0
001448	1	1102					2026-04-19 22:33:44	2026-04-19 22:33:44	0	0	0	1	0	0	0
001449	1	1102					2026-04-19 22:33:44	2026-04-19 22:33:44	0	0	0	1	0	0	0
001450	1	1102					2026-04-19 22:33:44	2026-04-19 22:33:44	0	0	0	1	0	0	0
001451	1	1102					2026-04-19 22:33:44	2026-04-19 22:33:44	0	0	0	1	0	0	0
001452	2	16088	00000		FADC_001452.root.00000	SADC_001452.root.00000	2026-04-19 22:33:44	2026-04-19 22:33:44	0	1	1	0	0	0	0
001453	1	1102					2026-04-19 22:33:44	2026-04-19 22:33:44	0	0	0	1	0	0	0
001454	1	1102					2026-04-19 22:33:45	2026-04-19 22:33:45	0	0	0	1	0	0	0
001455	1	1102					2026-04-19 22:33:45	2026-04-19 22:33:45	0	0	0	1	0	0	0
001456	4	10381739	00000	00001	FADC_001456.root.00000	SADC_001456.root.00001	2026-04-19 22:33:45	2026-04-19 22:33:46	0	2	2	0	0	0	0
001457	1	1102					2026-04-19 22:33:46	2026-04-19 22:33:46	0	0	0	1	0	0	0
001458	1	1102					2026-04-19 22:33:46	2026-04-19 22:33:46	0	0	0	1	0	0	0
001459	1	1102					2026-04-19 22:33:46	2026-04-19 22:33:46	0	0	0	1	0	0	0
001460	1	1102					2026-04-19 22:33:46	2026-04-19 22:33:46	0	0	0	1	0	0	0
001461	1	1102					2026-04-19 22:33:46	2026-04-19 22:33:46	0	0	0	1	0	0	0
001462	70	563080	00000	00034	FADC_001462.root.00000	SADC_001462.root.00034	2026-04-19 22:33:46	2026-04-19 22:33:46	0	35	35	0	0	0	0
001464	1	1102					2026-04-19 22:33:47	2026-04-19 22:33:47	0	0	0	1	0	0	0
001465	1	1102					2026-04-19 22:33:47	2026-04-19 22:33:47	0	0	0	1	0	0	0
001466	1	1102					2026-04-19 22:33:47	2026-04-19 22:33:47	0	0	0	1	0	0	0
001467	2	16088	00000		FADC_001467.root.00000	SADC_001467.root.00000	2026-04-19 22:33:47	2026-04-19 22:33:47	0	1	1	0	0	0	0
001468	2	1994598	00000		FADC_001468.root.00000	SADC_001468.root.00000	2026-04-19 22:33:47	2026-04-19 22:33:47	0	1	1	0	0	0	0
001469	2	2230423	00000		FADC_001469.root.00000	SADC_001469.root.00000	2026-04-19 22:33:47	2026-04-19 22:33:47	0	1	1	0	0	0	0
001470	2	1368701	00000		FADC_001470.root.00000	SADC_001470.root.00000	2026-04-19 22:33:47	2026-04-19 22:33:47	0	1	1	0	0	0	0
001471	2	1484372	00000		FADC_001471.root.00000	SADC_001471.root.00000	2026-04-19 22:33:48	2026-04-19 22:33:48	0	1	1	0	0	0	0
001473	2	1167385	00000		FADC_001473.root.00000	SADC_001473.root.00000	2026-04-19 22:33:48	2026-04-19 22:33:48	0	1	1	0	0	0	0
001474	2	1009494	00000		FADC_001474.root.00000	SADC_001474.root.00000	2026-04-19 22:33:48	2026-04-19 22:33:48	0	1	1	0	0	0	0
001475	2	5766129	00000		FADC_001475.root.00000	SADC_001475.root.00000	2026-04-19 22:33:49	2026-04-19 22:33:49	0	1	1	0	0	0	0
001476	1	1102					2026-04-19 22:33:49	2026-04-19 22:33:49	0	0	0	1	0	0	0
001477	1	1102					2026-04-19 22:33:49	2026-04-19 22:33:49	0	0	0	1	0	0	0
001478	1	1102					2026-04-19 22:33:49	2026-04-19 22:33:49	0	0	0	1	0	0	0
001479	1	1102					2026-04-19 22:33:49	2026-04-19 22:33:49	0	0	0	1	0	0	0
001480	1	1102					2026-04-19 22:33:49	2026-04-19 22:33:49	0	0	0	1	0	0	0
001481	0	0							0	0	0	0	0	0	0
001482	1	1102					2026-04-19 22:33:49	2026-04-19 22:33:49	0	0	0	1	0	0	0
001483	1	1102					2026-04-19 22:33:49	2026-04-19 22:33:49	0	0	0	1	0	0	0
001484	1	1102					2026-04-19 22:33:49	2026-04-19 22:33:49	0	0	0	1	0	0	0
001485	1	1102					2026-04-19 22:33:49	2026-04-19 22:33:49	0	0	0	1	0	0	0
001486	1	1102					2026-04-19 22:33:49	2026-04-19 22:33:49	0	0	0	1	0	0	0
001487	1	1102					2026-04-19 22:33:50	2026-04-19 22:33:50	0	0	0	1	0	0	0
001488	1	1102					2026-04-19 22:33:50	2026-04-19 22:33:50	0	0	0	1	0	0	0
001489	1	1102					2026-04-19 22:33:50	2026-04-19 22:33:50	0	0	0	1	0	0	0
001490	1	1102					2026-04-19 22:33:50	2026-04-19 22:33:50	0	0	0	1	0	0	0
001491	1	1102					2026-04-19 22:33:50	2026-04-19 22:33:50	0	0	0	1	0	0	0
001492	1	1102					2026-04-19 22:33:50	2026-04-19 22:33:50	0	0	0	1	0	0	0
001493	1	1102					2026-04-19 22:33:50	2026-04-19 22:33:50	0	0	0	1	0	0	0
001494	1	1102					2026-04-19 22:33:50	2026-04-19 22:33:50	0	0	0	1	0	0	0
001495	1	1102					2026-04-19 22:33:50	2026-04-19 22:33:50	0	0	0	1	0	0	0
001496	1	1102					2026-04-19 22:33:50	2026-04-19 22:33:50	0	0	0	1	0	0	0
001497	1	1102					2026-04-19 22:33:50	2026-04-19 22:33:50	0	0	0	1	0	0	0
001498	1	1102					2026-04-19 22:33:50	2026-04-19 22:33:50	0	0	0	1	0	0	0
001499	1	1102					2026-04-19 22:33:50	2026-04-19 22:33:50	0	0	0	1	0	0	0
001500	1	1102					2026-04-19 22:33:51	2026-04-19 22:33:51	0	0	0	1	0	0	0
001501	1	1102					2026-04-19 22:33:51	2026-04-19 22:33:51	0	0	0	1	0	0	0
001502	1	1102					2026-04-19 22:33:51	2026-04-19 22:33:51	0	0	0	1	0	0	0
001503	578	6636901486	00000	00288	FADC_001503.root.00000	SADC_001503.root.00288	2026-04-19 22:33:53	2026-04-19 22:43:25	0	289	289	0	0	0	0
001504	2	21904665	00000		FADC_001504.root.00000	SADC_001504.root.00000	2026-04-19 22:43:27	2026-04-19 22:43:27	0	1	1	0	0	0	0
001505	2	17610853	00000		FADC_001505.root.00000	SADC_001505.root.00000	2026-04-19 22:43:28	2026-04-19 22:43:28	0	1	1	0	0	0	0
001506	2	12438005	00000		FADC_001506.root.00000	SADC_001506.root.00000	2026-04-19 22:43:29	2026-04-19 22:43:29	0	1	1	0	0	0	0
001507	2	18400755	00000		FADC_001507.root.00000	SADC_001507.root.00000	2026-04-19 22:43:31	2026-04-19 22:43:31	0	1	1	0	0	0	0
001508	2	23862840	00000		FADC_001508.root.00000	SADC_001508.root.00000	2026-04-19 22:43:33	2026-04-19 22:43:33	0	1	1	0	0	0	0
001509	1	1102					2026-04-19 22:43:33	2026-04-19 22:43:33	0	0	0	1	0	0	0
001510	1	1102					2026-04-19 22:43:33	2026-04-19 22:43:33	0	0	0	1	0	0	0
001511	2	23572915	00000		FADC_001511.root.00000	SADC_001511.root.00000	2026-04-19 22:43:35	2026-04-19 22:43:36	0	1	1	0	0	0	0
001512	2	62045172	00000		FADC_001512.root.00000	SADC_001512.root.00000	2026-04-19 22:43:41	2026-04-19 22:43:41	0	1	1	0	0	0	0
001513	2	23925733	00000		FADC_001513.root.00000	SADC_001513.root.00000	2026-04-19 22:43:43	2026-04-19 22:43:43	0	1	1	0	0	0	0
001514	4	113004901	00000	00001	FADC_001514.root.00000	SADC_001514.root.00001	2026-04-19 22:43:52	2026-04-19 22:43:53	0	2	2	0	0	0	0
001515	2	81551741	00000		FADC_001515.root.00000	SADC_001515.root.00000	2026-04-19 22:43:59	2026-04-19 22:44:00	0	1	1	0	0	0	0
001516	2	45887461	00000		FADC_001516.root.00000	SADC_001516.root.00000	2026-04-19 22:44:04	2026-04-19 22:44:04	0	1	1	0	0	0	0
001517	4	93550753	00000	00001	FADC_001517.root.00000	SADC_001517.root.00001	2026-04-19 22:44:11	2026-04-19 22:44:12	0	2	2	0	0	0	0
001518	4	125004266	00000	00001	FADC_001518.root.00000	SADC_001518.root.00001	2026-04-19 22:44:19	2026-04-19 22:44:23	0	2	2	0	0	0	0
001519	1	1102					2026-04-19 22:44:23	2026-04-19 22:44:23	0	0	0	1	0	0	0
001520	1	1102					2026-04-19 22:44:23	2026-04-19 22:44:23	0	0	0	1	0	0	0
001521	1	1102					2026-04-19 22:44:23	2026-04-19 22:44:23	0	0	0	1	0	0	0
001522	1	1102					2026-04-19 22:44:23	2026-04-19 22:44:23	0	0	0	1	0	0	0
001523	1	1102					2026-04-19 22:44:23	2026-04-19 22:44:23	0	0	0	1	0	0	0
001525	1	1102					2026-04-19 22:44:23	2026-04-19 22:44:23	0	0	0	1	0	0	0
001526	1	1102					2026-04-19 22:44:23	2026-04-19 22:44:23	0	0	0	1	0	0	0
001527	4	83134097	00000	00001	FADC_001527.root.00000	SADC_001527.root.00001	2026-04-19 22:44:30	2026-04-19 22:44:31	0	2	2	0	0	0	0
001528	4	99691623	00000	00001	FADC_001528.root.00000	SADC_001528.root.00001	2026-04-19 22:44:37	2026-04-19 22:44:39	0	2	2	0	0	0	0
001529	4	84139064	00000	00001	FADC_001529.root.00000	SADC_001529.root.00001	2026-04-19 22:44:45	2026-04-19 22:44:46	0	2	2	0	0	0	0
001530	1	1102					2026-04-19 22:44:47	2026-04-19 22:44:47	0	0	0	1	0	0	0
001531	1	1102					2026-04-19 22:44:47	2026-04-19 22:44:47	0	0	0	1	0	0	0
001532	1	1102					2026-04-19 22:44:47	2026-04-19 22:44:47	0	0	0	1	0	0	0
001533	1	1102					2026-04-19 22:44:47	2026-04-19 22:44:47	0	0	0	1	0	0	0
001534	1	1102					2026-04-19 22:44:47	2026-04-19 22:44:47	0	0	0	1	0	0	0
001535	1	1102					2026-04-19 22:44:47	2026-04-19 22:44:47	0	0	0	1	0	0	0
001536	1	1102					2026-04-19 22:44:47	2026-04-19 22:44:47	0	0	0	1	0	0	0
001537	1	1102					2026-04-19 22:44:47	2026-04-19 22:44:47	0	0	0	1	0	0	0
001538	1	1102					2026-04-19 22:44:47	2026-04-19 22:44:47	0	0	0	1	0	0	0
001539	1	1102					2026-04-19 22:44:47	2026-04-19 22:44:47	0	0	0	1	0	0	0
001540	1	1102					2026-04-19 22:44:48	2026-04-19 22:44:48	0	0	0	1	0	0	0
001541	1	1102					2026-04-19 22:44:48	2026-04-19 22:44:48	0	0	0	1	0	0	0
001542	1	1102					2026-04-19 22:44:48	2026-04-19 22:44:48	0	0	0	1	0	0	0
001543	1	1102					2026-04-19 22:44:48	2026-04-19 22:44:48	0	0	0	1	0	0	0
001544	1	1102					2026-04-19 22:44:48	2026-04-19 22:44:48	0	0	0	1	0	0	0
001545	1	1102					2026-04-19 22:44:48	2026-04-19 22:44:48	0	0	0	1	0	0	0
001546	1	1102					2026-04-19 22:44:48	2026-04-19 22:44:48	0	0	0	1	0	0	0
001547	1	1102					2026-04-19 22:44:48	2026-04-19 22:44:48	0	0	0	1	0	0	0
001548	1	1102					2026-04-19 22:44:48	2026-04-19 22:44:48	0	0	0	1	0	0	0
001549	1	1102					2026-04-19 22:44:48	2026-04-19 22:44:48	0	0	0	1	0	0	0
001550	1	1102					2026-04-19 22:44:48	2026-04-19 22:44:48	0	0	0	1	0	0	0
001551	1	1102					2026-04-19 22:44:48	2026-04-19 22:44:48	0	0	0	1	0	0	0
001552	1	1102					2026-04-19 22:44:49	2026-04-19 22:44:49	0	0	0	1	0	0	0
001553	1	1102					2026-04-19 22:44:49	2026-04-19 22:44:49	0	0	0	1	0	0	0
001554	1	1102					2026-04-19 22:44:49	2026-04-19 22:44:49	0	0	0	1	0	0	0
001555	1	1102					2026-04-19 22:44:49	2026-04-19 22:44:49	0	0	0	1	0	0	0
001556	1	1102					2026-04-19 22:44:49	2026-04-19 22:44:49	0	0	0	1	0	0	0
001557	1	1102					2026-04-19 22:44:49	2026-04-19 22:44:49	0	0	0	1	0	0	0
001558	1	1102					2026-04-19 22:44:49	2026-04-19 22:44:49	0	0	0	1	0	0	0
001559	1	1102					2026-04-19 22:44:49	2026-04-19 22:44:49	0	0	0	1	0	0	0
001560	1	1102					2026-04-19 22:44:49	2026-04-19 22:44:49	0	0	0	1	0	0	0
001561	1	1102					2026-04-19 22:44:49	2026-04-19 22:44:49	0	0	0	1	0	0	0
001562	1	1102					2026-04-19 22:44:49	2026-04-19 22:44:49	0	0	0	1	0	0	0
001563	1	1102					2026-04-19 22:44:49	2026-04-19 22:44:49	0	0	0	1	0	0	0
001564	1	1102					2026-04-19 22:44:50	2026-04-19 22:44:50	0	0	0	1	0	0	0
001565	1	1102					2026-04-19 22:44:50	2026-04-19 22:44:50	0	0	0	1	0	0	0
001566	1	1102					2026-04-19 22:44:50	2026-04-19 22:44:50	0	0	0	1	0	0	0
001567	1	1102					2026-04-19 22:44:50	2026-04-19 22:44:50	0	0	0	1	0	0	0
001568	1	1102					2026-04-19 22:44:50	2026-04-19 22:44:50	0	0	0	1	0	0	0
001569	1	1102					2026-04-19 22:44:50	2026-04-19 22:44:50	0	0	0	1	0	0	0
001570	1	1102					2026-04-19 22:44:50	2026-04-19 22:44:50	0	0	0	1	0	0	0
001571	1	1102					2026-04-19 22:44:50	2026-04-19 22:44:50	0	0	0	1	0	0	0
001572	1	1102					2026-04-19 22:44:50	2026-04-19 22:44:50	0	0	0	1	0	0	0
001573	1	1102					2026-04-19 22:44:50	2026-04-19 22:44:50	0	0	0	1	0	0	0
001574	1	1102					2026-04-19 22:44:50	2026-04-19 22:44:50	0	0	0	1	0	0	0
001575	1	1102					2026-04-19 22:44:50	2026-04-19 22:44:50	0	0	0	1	0	0	0
001576	1	1102					2026-04-19 22:44:50	2026-04-19 22:44:50	0	0	0	1	0	0	0
001577	1	1102					2026-04-19 22:44:51	2026-04-19 22:44:51	0	0	0	1	0	0	0
001578	1	1102					2026-04-19 22:44:51	2026-04-19 22:44:51	0	0	0	1	0	0	0
001579	1	1102					2026-04-19 22:44:51	2026-04-19 22:44:51	0	0	0	1	0	0	0
001580	1	1102					2026-04-19 22:44:51	2026-04-19 22:44:51	0	0	0	1	0	0	0
001581	1	1102					2026-04-19 22:44:51	2026-04-19 22:44:51	0	0	0	1	0	0	0
001582	1	1102					2026-04-19 22:44:51	2026-04-19 22:44:51	0	0	0	1	0	0	0
001583	1	1102					2026-04-19 22:44:51	2026-04-19 22:44:51	0	0	0	1	0	0	0
001584	1	1102					2026-04-19 22:44:51	2026-04-19 22:44:51	0	0	0	1	0	0	0
001585	0	0							0	0	0	0	0	0	0
001586	1	1102					2026-04-19 22:44:51	2026-04-19 22:44:51	0	0	0	1	0	0	0
001587	1	1102					2026-04-19 22:44:51	2026-04-19 22:44:51	0	0	0	1	0	0	0
001588	1	1102					2026-04-19 22:44:51	2026-04-19 22:44:51	0	0	0	1	0	0	0
001589	1	1102					2026-04-19 22:44:52	2026-04-19 22:44:52	0	0	0	1	0	0	0
001590	1	1102					2026-04-19 22:44:52	2026-04-19 22:44:52	0	0	0	1	0	0	0
001591	1	1102					2026-04-19 22:44:52	2026-04-19 22:44:52	0	0	0	1	0	0	0
001592	1	1102					2026-04-19 22:44:52	2026-04-19 22:44:52	0	0	0	1	0	0	0
001593	1	1102					2026-04-19 22:44:52	2026-04-19 22:44:52	0	0	0	1	0	0	0
001594	1	1102					2026-04-19 22:44:52	2026-04-19 22:44:52	0	0	0	1	0	0	0
001595	1	1102					2026-04-19 22:44:52	2026-04-19 22:44:52	0	0	0	1	0	0	0
001596	1	1102					2026-04-19 22:44:52	2026-04-19 22:44:52	0	0	0	1	0	0	0
001597	1	1102					2026-04-19 22:44:52	2026-04-19 22:44:52	0	0	0	1	0	0	0
001598	1	1102					2026-04-19 22:44:52	2026-04-19 22:44:52	0	0	0	1	0	0	0
001599	1	1102					2026-04-19 22:44:52	2026-04-19 22:44:52	0	0	0	1	0	0	0
001600	1	1102					2026-04-19 22:44:52	2026-04-19 22:44:52	0	0	0	1	0	0	0
001601	1	1102					2026-04-19 22:44:52	2026-04-19 22:44:52	0	0	0	1	0	0	0
001602	1	1102					2026-04-19 22:44:53	2026-04-19 22:44:53	0	0	0	1	0	0	0
001603	1	1102					2026-04-19 22:44:53	2026-04-19 22:44:53	0	0	0	1	0	0	0
001604	1	1102					2026-04-19 22:44:53	2026-04-19 22:44:53	0	0	0	1	0	0	0
001605	1	1102					2026-04-19 22:44:53	2026-04-19 22:44:53	0	0	0	1	0	0	0
001606	1	1102					2026-04-19 22:44:53	2026-04-19 22:44:53	0	0	0	1	0	0	0
001607	1	1102					2026-04-19 22:44:53	2026-04-19 22:44:53	0	0	0	1	0	0	0
001608	1	1102					2026-04-19 22:44:53	2026-04-19 22:44:53	0	0	0	1	0	0	0
001609	1	1102					2026-04-19 22:44:53	2026-04-19 22:44:53	0	0	0	1	0	0	0
001610	1	1102					2026-04-19 22:44:53	2026-04-19 22:44:53	0	0	0	1	0	0	0
001611	1	1102					2026-04-19 22:44:53	2026-04-19 22:44:53	0	0	0	1	0	0	0
001612	1	1102					2026-04-19 22:44:53	2026-04-19 22:44:53	0	0	0	1	0	0	0
001613	1	1102					2026-04-19 22:44:53	2026-04-19 22:44:53	0	0	0	1	0	0	0
001614	1	1102					2026-04-19 22:44:54	2026-04-19 22:44:54	0	0	0	1	0	0	0
001615	1	1102					2026-04-19 22:44:54	2026-04-19 22:44:54	0	0	0	1	0	0	0
001616	1	1102					2026-04-19 22:44:54	2026-04-19 22:44:54	0	0	0	1	0	0	0
001617	1	1102					2026-04-19 22:44:54	2026-04-19 22:44:54	0	0	0	1	0	0	0
001618	1	1102					2026-04-19 22:44:54	2026-04-19 22:44:54	0	0	0	1	0	0	0
001619	1	1102					2026-04-19 22:44:54	2026-04-19 22:44:54	0	0	0	1	0	0	0
001620	1	1102					2026-04-19 22:44:54	2026-04-19 22:44:54	0	0	0	1	0	0	0
001621	1	1102					2026-04-19 22:44:54	2026-04-19 22:44:54	0	0	0	1	0	0	0
001622	1	1102					2026-04-19 22:44:54	2026-04-19 22:44:54	0	0	0	1	0	0	0
001623	1	1102					2026-04-19 22:44:54	2026-04-19 22:44:54	0	0	0	1	0	0	0
001624	1	1102					2026-04-19 22:44:54	2026-04-19 22:44:54	0	0	0	1	0	0	0
001625	1	1102					2026-04-19 22:44:54	2026-04-19 22:44:54	0	0	0	1	0	0	0
001626	1	1102					2026-04-19 22:44:55	2026-04-19 22:44:55	0	0	0	1	0	0	0
001627	1	1102					2026-04-19 22:44:55	2026-04-19 22:44:55	0	0	0	1	0	0	0
001628	1	1102					2026-04-19 22:44:55	2026-04-19 22:44:55	0	0	0	1	0	0	0
001629	1	1102					2026-04-19 22:44:55	2026-04-19 22:44:55	0	0	0	1	0	0	0
001630	1	1102					2026-04-19 22:44:55	2026-04-19 22:44:55	0	0	0	1	0	0	0
001631	1	1102					2026-04-19 22:44:55	2026-04-19 22:44:55	0	0	0	1	0	0	0
001632	1	1102					2026-04-19 22:44:55	2026-04-19 22:44:55	0	0	0	1	0	0	0
001633	1	1102					2026-04-19 22:44:55	2026-04-19 22:44:55	0	0	0	1	0	0	0
001634	1	1102					2026-04-19 22:44:55	2026-04-19 22:44:55	0	0	0	1	0	0	0
001635	1	1102					2026-04-19 22:44:55	2026-04-19 22:44:55	0	0	0	1	0	0	0
001636	1	1102					2026-04-19 22:44:55	2026-04-19 22:44:55	0	0	0	1	0	0	0
001637	1	1102					2026-04-19 22:44:55	2026-04-19 22:44:55	0	0	0	1	0	0	0
001638	1	1102					2026-04-19 22:44:56	2026-04-19 22:44:56	0	0	0	1	0	0	0
001639	1	1102					2026-04-19 22:44:56	2026-04-19 22:44:56	0	0	0	1	0	0	0
001640	1	1102					2026-04-19 22:44:56	2026-04-19 22:44:56	0	0	0	1	0	0	0
001641	1	1102					2026-04-19 22:44:56	2026-04-19 22:44:56	0	0	0	1	0	0	0
001642	1	1102					2026-04-19 22:44:56	2026-04-19 22:44:56	0	0	0	1	0	0	0
001643	1	1102					2026-04-19 22:44:56	2026-04-19 22:44:56	0	0	0	1	0	0	0
001644	1	1102					2026-04-19 22:44:56	2026-04-19 22:44:56	0	0	0	1	0	0	0
001645	1	1102					2026-04-19 22:44:56	2026-04-19 22:44:56	0	0	0	1	0	0	0
001646	1	1102					2026-04-19 22:44:56	2026-04-19 22:44:56	0	0	0	1	0	0	0
001647	1	1102					2026-04-19 22:44:56	2026-04-19 22:44:56	0	0	0	1	0	0	0
001648	1	1102					2026-04-19 22:44:56	2026-04-19 22:44:56	0	0	0	1	0	0	0
001649	1	1102					2026-04-19 22:44:56	2026-04-19 22:44:56	0	0	0	1	0	0	0
001650	1	1102					2026-04-19 22:44:57	2026-04-19 22:44:57	0	0	0	1	0	0	0
001651	1	1102					2026-04-19 22:44:57	2026-04-19 22:44:57	0	0	0	1	0	0	0
001652	1	1102					2026-04-19 22:44:57	2026-04-19 22:44:57	0	0	0	1	0	0	0
001653	1	1102					2026-04-19 22:44:57	2026-04-19 22:44:57	0	0	0	1	0	0	0
001654	4	147023960	00000	00001	FADC_001654.root.00000	SADC_001654.root.00001	2026-04-19 22:45:06	2026-04-19 22:45:10	0	2	2	0	0	0	0
001655	4	118370203	00000	00001	FADC_001655.root.00000	SADC_001655.root.00001	2026-04-19 22:45:19	2026-04-19 22:45:20	0	2	2	0	0	0	0
001656	4	121055840	00000	00001	FADC_001656.root.00000	SADC_001656.root.00001	2026-04-19 22:45:29	2026-04-19 22:45:30	0	2	2	0	0	0	0
001657	4	119969822	00000	00001	FADC_001657.root.00000	SADC_001657.root.00001	2026-04-19 22:45:39	2026-04-19 22:45:40	0	2	2	0	0	0	0
001658	4	131048380	00000	00001	FADC_001658.root.00000	SADC_001658.root.00001	2026-04-19 22:45:50	2026-04-19 22:45:52	0	2	2	0	0	0	0
001659	4	136192114	00000	00001	FADC_001659.root.00000	SADC_001659.root.00001	2026-04-19 22:46:01	2026-04-19 22:46:04	0	2	2	0	0	0	0
001660	4	121601514	00000	00001	FADC_001660.root.00000	SADC_001660.root.00001	2026-04-19 22:46:13	2026-04-19 22:46:14	0	2	2	0	0	0	0
001661	4	121702993	00000	00001	FADC_001661.root.00000	SADC_001661.root.00001	2026-04-19 22:46:23	2026-04-19 22:46:25	0	2	2	0	0	0	0
001662	4	124232770	00000	00001	FADC_001662.root.00000	SADC_001662.root.00001	2026-04-19 22:46:34	2026-04-19 22:46:35	0	2	2	0	0	0	0
001663	4	122808623	00000	00001	FADC_001663.root.00000	SADC_001663.root.00001	2026-04-19 22:46:45	2026-04-19 22:46:46	0	2	2	0	0	0	0
001664	4	122606142	00000	00001	FADC_001664.root.00000	SADC_001664.root.00001	2026-04-19 22:46:55	2026-04-19 22:46:57	0	2	2	0	0	0	0
001665	4	127344333	00000	00001	FADC_001665.root.00000	SADC_001665.root.00001	2026-04-19 22:47:06	2026-04-19 22:47:08	0	2	2	0	0	0	0
001666	4	123193765	00000	00001	FADC_001666.root.00000	SADC_001666.root.00001	2026-04-19 22:47:17	2026-04-19 22:47:18	0	2	2	0	0	0	0
001667	4	132375714	00000	00001	FADC_001667.root.00000	SADC_001667.root.00001	2026-04-19 22:47:28	2026-04-19 22:47:30	0	2	2	0	0	0	0
001668	4	121731406	00000	00001	FADC_001668.root.00000	SADC_001668.root.00001	2026-04-19 22:47:39	2026-04-19 22:47:40	0	2	2	0	0	0	0
001669	4	121363109	00000	00001	FADC_001669.root.00000	SADC_001669.root.00001	2026-04-19 22:47:50	2026-04-19 22:47:51	0	2	2	0	0	0	0
001670	4	123742123	00000	00001	FADC_001670.root.00000	SADC_001670.root.00001	2026-04-19 22:48:00	2026-04-19 22:48:01	0	2	2	0	0	0	0
001671	1	1156					2026-04-19 22:48:01	2026-04-19 22:48:01	0	0	0	1	0	0	0
001672	1	1156					2026-04-19 22:48:01	2026-04-19 22:48:01	0	0	0	1	0	0	0
001673	1	1156					2026-04-19 22:48:01	2026-04-19 22:48:01	0	0	0	1	0	0	0
001674	1	1156					2026-04-19 22:48:02	2026-04-19 22:48:02	0	0	0	1	0	0	0
001675	1	1156					2026-04-19 22:48:02	2026-04-19 22:48:02	0	0	0	1	0	0	0
001676	1	1156					2026-04-19 22:48:02	2026-04-19 22:48:02	0	0	0	1	0	0	0
001677	42	901449583	00000	00020	FADC_001677.root.00000	SADC_001677.root.00020	2026-04-19 22:48:05	2026-04-19 22:49:19	0	21	21	0	0	0	0
001678	1	1156					2026-04-19 22:49:19	2026-04-19 22:49:19	0	0	0	1	0	0	0
001679	1	1156					2026-04-19 22:49:19	2026-04-19 22:49:19	0	0	0	1	0	0	0
001680	1	1156					2026-04-19 22:49:19	2026-04-19 22:49:19	0	0	0	1	0	0	0
001681	2	101548621	00000		FADC_001681.root.00000	SADC_001681.root.00000	2026-04-19 22:49:28	2026-04-19 22:49:28	0	1	1	0	0	0	0
001682	2	93799305	00000		FADC_001682.root.00000	SADC_001682.root.00000	2026-04-19 22:49:36	2026-04-19 22:49:36	0	1	1	0	0	0	0
001683	2	139377498	00000		FADC_001683.root.00000	SADC_001683.root.00000	2026-04-19 22:49:47	2026-04-19 22:49:48	0	1	1	0	0	0	0
001684	1	1156					2026-04-19 22:49:48	2026-04-19 22:49:48	0	0	0	1	0	0	0
001694	48	14328267083	00000	00023	FADC_001694.root.00000	SADC_001694.root.00023	2026-04-19 22:50:36	2026-04-19 23:10:11	0	24	24	0	0	0	0
001695	2	171034580	00000		FADC_001695.root.00000	SADC_001695.root.00000	2026-04-19 23:10:22	2026-04-19 23:10:26	0	1	1	0	0	0	0
001696	2	26686	00000		FADC_001696.root.00000	SADC_001696.root.00000	2026-04-19 23:10:26	2026-04-19 23:10:26	0	1	1	0	0	0	0
001697	14	3023853109	00002	00006	FADC_001697.root.00002	SADC_001697.root.00006	2026-04-19 23:11:15	2026-04-19 23:14:44	0	5	7	1	1	0	0
001698	22	7065268935	00000	00010	FADC_001698.root.00000	SADC_001698.root.00010	2026-04-19 23:15:33	2026-04-19 23:44:03	0	11	11	0	0	0	0
001699	1	1102					2026-04-19 23:44:03	2026-04-19 23:44:03	0	0	0	1	0	0	0
001701	2	102216442	00000		FADC_001701.root.00000	SADC_001701.root.00000	2026-04-19 23:44:12	2026-04-19 23:44:12	0	1	1	0	0	0	0
001702	2	33913919	00000		FADC_001702.root.00000	SADC_001702.root.00000	2026-04-19 23:44:15	2026-04-19 23:44:15	0	1	1	0	0	0	0
001703	1	1102					2026-04-19 23:44:15	2026-04-19 23:44:15	0	0	0	1	0	0	0
001704	1	1102					2026-04-19 23:44:16	2026-04-19 23:44:16	0	0	0	1	0	0	0
001705	1	1102					2026-04-19 23:44:16	2026-04-19 23:44:16	0	0	0	1	0	0	0
001706	0	0							0	0	0	0	0	0	0
001707	1	1102					2026-04-19 23:44:16	2026-04-19 23:44:16	0	0	0	1	0	0	0
001709	1	1102					2026-04-19 23:44:16	2026-04-19 23:44:16	0	0	0	1	0	0	0
001710	1	1102					2026-04-19 23:44:16	2026-04-19 23:44:16	0	0	0	1	0	0	0
001711	2	208483736	00000		FADC_001711.root.00000	SADC_001711.root.00000	2026-04-19 23:44:32	2026-04-19 23:44:34	0	1	1	0	0	0	0
001712	1	1102					2026-04-19 23:44:34	2026-04-19 23:44:34	0	0	0	1	0	0	0
001713	1	1102					2026-04-19 23:44:35	2026-04-19 23:44:35	0	0	0	1	0	0	0
001714	1	1102					2026-04-19 23:44:35	2026-04-19 23:44:35	0	0	0	1	0	0	0
001715	1	1102					2026-04-19 23:44:35	2026-04-19 23:44:35	0	0	0	1	0	0	0
001716	1	1102					2026-04-19 23:44:35	2026-04-19 23:44:35	0	0	0	1	0	0	0
001717	1	1102					2026-04-19 23:44:35	2026-04-19 23:44:35	0	0	0	1	0	0	0
001718	14	10730708383	00006	00008	FADC_001718.root.00006	SADC_001718.root.00008	2026-04-19 23:52:46	2026-04-20 00:29:47	0	3	9	1	1	0	0
001719	1	1102					2026-04-20 00:29:51	2026-04-20 00:29:51	0	0	0	1	0	0	0
001720	1	1102					2026-04-20 00:29:51	2026-04-20 00:29:51	0	0	0	1	0	0	0
001721	1	1102					2026-04-20 00:29:51	2026-04-20 00:29:51	0	0	0	1	0	0	0
001722	2	55763812272	00000		FADC_001722.root.00000	SADC_001722.root.00000	2026-04-20 07:23:55	2026-04-20 08:08:29	0	1	1	0	0	0	0
001723	2	16088	00000		FADC_001723.root.00000	SADC_001723.root.00000	2026-04-20 08:08:32	2026-04-20 08:08:32	0	1	1	0	0	0	0
001724	2	92382877	00000		FADC_001724.root.00000	SADC_001724.root.00000	2026-04-20 08:08:54	2026-04-20 08:08:56	0	1	1	0	0	0	0
001725	18	2813365971	00000	00008	FADC_001725.root.00000	SADC_001725.root.00008	2026-04-20 08:10:10	2026-04-20 08:22:02	0	9	9	0	0	0	0
001726	12	2309337529	00000	00005	FADC_001726.root.00000	SADC_001726.root.00005	2026-04-20 08:24:58	2026-04-20 08:34:42	0	6	6	0	0	0	0
001731	1	1464					2026-04-20 08:34:42	2026-04-20 08:34:42	0	0	0	1	0	0	0
001732	1	1464					2026-04-20 08:34:42	2026-04-20 08:34:42	0	0	0	1	0	0	0
001733	1	1464					2026-04-20 08:34:42	2026-04-20 08:34:42	0	0	0	1	0	0	0
001734	1	1464					2026-04-20 08:34:42	2026-04-20 08:34:42	0	0	0	1	0	0	0
001735	1	1464					2026-04-20 08:34:42	2026-04-20 08:34:42	0	0	0	1	0	0	0
001736	1	1464					2026-04-20 08:34:42	2026-04-20 08:34:42	0	0	0	1	0	0	0
001737	1	1464					2026-04-20 08:34:42	2026-04-20 08:34:42	0	0	0	1	0	0	0
001738	1	1464					2026-04-20 08:34:42	2026-04-20 08:34:42	0	0	0	1	0	0	0
001739	1	1464					2026-04-20 08:34:42	2026-04-20 08:34:42	0	0	0	1	0	0	0
001740	1	1464					2026-04-20 08:34:45	2026-04-20 08:34:45	0	0	0	1	0	0	0
