#disk	/backup_hdd	/dev/sdb1	52dcb9c0-7877-46ee-b34c-fc32442cf362	ST2000DM008-2FR102	ZFL3GKNN	0x5000c500c8b51a75	1967846088704	1780019527680	2026-06-06 19:43:07	2026-09-13 00:27:09
#cols	run	files	bytes	sub_lo	sub_hi	first_file	last_file	copied_from	copied_to	manifest_lines	n_fadc	n_sadc	n_prd	n_merged	n_png	n_other
001931	55	99276437846	00000	00019	FADC_001931.root.00000	SADC_001931.root.00019	2026-06-06 19:52:28	2026-06-07 15:49:57	0	20	20	5	5	5	0
001932	40	67069790145	00000	00019	FADC_001932.root.00000	SADC_001932.root.00019	2026-06-07 16:19:42	2026-06-08 02:43:47	0	20	20	0	0	0	0
001933	40	67730851230	00000	00019	FADC_001933.root.00000	SADC_001933.root.00019	2026-06-08 03:13:25	2026-06-08 12:02:25	0	20	20	0	0	0	0
001935	40	67255487092	00000	00019	FADC_001935.root.00000	SADC_001935.root.00019	2026-06-08 12:19:31	2026-06-08 18:15:50	0	20	20	0	0	0	0
001936	41	69065079261	00000	00019	.FADC_001936.root.00014.qjr1Lf	SADC_001936.root.00019	2026-06-08 18:32:37	2026-06-09 00:55:57	0	20	20	0	0	0	1
001937	40	68673844677	00000	00019	FADC_001937.root.00000	SADC_001937.root.00019	2026-06-09 01:13:11	2026-06-09 07:14:29	0	20	20	0	0	0	0
001938	0	0							0	0	0	0	0	0	0
001939	8	862929759	00000	00003	FADC_001939.root.00000	SADC_001939.root.00003	2026-06-09 07:15:35	2026-06-09 07:19:19	0	4	4	0	0	0	0
001940	30	41599205851	00000	00014	FADC_001940.root.00000	SADC_001940.root.00014	2026-06-09 07:32:36	2026-06-09 11:05:25	0	15	15	0	0	0	0
001941	40	69395086972	00000	00019	FADC_001941.root.00000	SADC_001941.root.00019	2026-06-09 11:22:31	2026-06-09 16:06:08	0	20	20	0	0	0	0
001942	81	157828259514	00000	00015	FADC_001942.root.00000	SADC_001942.root.00015	2026-06-09 16:15:36	2026-06-10 08:02:18	0	16	16	17	16	16	0
001943	36	60732489171	00000	00017	FADC_001943.root.00000	SADC_001943.root.00017	2026-06-10 08:31:55	2026-06-10 17:33:09	0	18	18	0	0	0	0
001944	34	53491373920	00000	00016	FADC_001944.root.00000	SADC_001944.root.00016	2026-06-10 18:02:23	2026-06-11 03:10:30	0	17	17	0	0	0	0
001945	28	40217806944	00000	00013	FADC_001945.root.00000	SADC_001945.root.00013	2026-06-11 03:43:47	2026-06-11 09:56:34	0	14	14	0	0	0	0
001946	28	40113507961	00000	00013	FADC_001946.root.00000	SADC_001946.root.00013	2026-06-11 10:21:25	2026-06-11 16:47:44	0	14	14	0	0	0	0
001948	3600	18130299703	00000	00720	FADC_001948.root.00000	SADC_001948.root.00720	2026-06-11 16:48:06	2026-06-11 20:08:17	0	721	721	720	719	719	0
001949	1467	486685522	00000	00430	FADC_001949.root.00000	SADC_001949.root.00430	2026-06-11 20:08:17	2026-06-11 20:25:03	0	431	431	202	202	201	0
001950	3540	18301247029	00000	00708	FADC_001950.root.00000	SADC_001950.root.00708	2026-06-11 20:25:49	2026-06-12 00:09:02	0	709	709	708	707	707	0
001951	2	609814	00000		FADC_001951.root.00000	SADC_001951.root.00000	2026-06-12 00:09:03	2026-06-12 00:09:03	0	1	1	0	0	0	0
001952	300	1544713671	00000	00060	FADC_001952.root.00000	SADC_001952.root.00060	2026-06-12 00:09:30	2026-06-12 00:34:18	0	61	61	60	59	59	0
001953	340	1743203121	00000	00068	FADC_001953.root.00000	SADC_001953.root.00068	2026-06-12 00:34:36	2026-06-12 01:06:23	0	69	69	68	67	67	0
001954	310	1581228280	00000	00062	FADC_001954.root.00000	SADC_001954.root.00062	2026-06-12 01:07:36	2026-06-12 01:29:34	0	63	63	62	61	61	0
001955	321	1572857477	00000	00090	FADC_001955.root.00000	SADC_001955.root.00090	2026-06-12 01:29:43	2026-06-12 01:54:52	0	91	91	47	46	46	0
001956	126	542715692	00000	00062	FADC_001956.root.00000	SADC_001956.root.00062	2026-06-12 01:55:06	2026-06-12 02:06:35	0	63	63	0	0	0	0
001957	305	1577142598	00000	00061	FADC_001957.root.00000	SADC_001957.root.00061	2026-06-12 02:07:19	2026-06-12 02:40:27	0	62	62	61	60	60	0
001958	326	1666377798	00000	00064	FADC_001958.root.00000	SADC_001958.root.00064	2026-06-12 02:41:32	2026-06-12 03:16:06	0	65	65	66	65	65	0
001959	350	1800202574	00000	00070	FADC_001959.root.00000	SADC_001959.root.00070	2026-06-12 03:17:33	2026-06-12 03:40:30	0	71	71	70	69	69	0
001960	476	2442173625	00000	00094	FADC_001960.root.00000	SADC_001960.root.00094	2026-06-12 03:40:39	2026-06-12 04:07:28	0	95	95	96	95	95	0
001961	297	1508734646	00000	00060	FADC_001961.root.00000	SADC_001961.root.00060	2026-06-12 04:07:33	2026-06-12 04:18:51	0	61	61	59	58	58	0
001962	300	1542062185	00000	00060	FADC_001962.root.00000	SADC_001962.root.00060	2026-06-12 04:18:54	2026-06-12 04:30:02	0	61	61	60	59	59	0
001963	391	2007342752	00000	00077	FADC_001963.root.00000	SADC_001963.root.00077	2026-06-12 04:30:05	2026-06-12 04:44:22	0	78	78	79	78	78	0
001964	0	0							0	0	0	0	0	0	0
001965	326	1674470392	00000	00064	FADC_001965.root.00000	SADC_001965.root.00064	2026-06-12 04:44:29	2026-06-12 04:56:28	0	65	65	66	65	65	0
001966	351	1796679353	00000	00069	FADC_001966.root.00000	SADC_001966.root.00069	2026-06-12 04:56:33	2026-06-12 05:09:29	0	70	70	71	70	70	0
001967	306	1583043214	00000	00060	FADC_001967.root.00000	SADC_001967.root.00060	2026-06-12 05:09:32	2026-06-12 05:20:54	0	61	61	62	61	61	0
001968	306	1574562371	00000	00060	FADC_001968.root.00000	SADC_001968.root.00060	2026-06-12 05:20:59	2026-06-12 05:32:23	0	61	61	62	61	61	0
001969	1556	8083739555	00000	00310	FADC_001969.root.00000	SADC_001969.root.00310	2026-06-12 05:32:26	2026-06-12 06:31:01	0	311	311	312	311	311	0
001970	218	1083649073	00000	00061	FADC_001970.root.00000	SADC_001970.root.00061	2026-06-12 06:31:05	2026-06-12 06:39:04	0	62	62	32	31	31	0
001971	300	1570103740	00000	00060	FADC_001971.root.00000	SADC_001971.root.00060	2026-06-12 06:39:05	2026-06-12 06:50:14	0	61	61	60	59	59	0
001972	410	2150354125	00000	00082	FADC_001972.root.00000	SADC_001972.root.00082	2026-06-12 06:50:17	2026-06-12 07:05:48	0	83	83	82	81	81	0
001973	315	1645853862	00000	00063	FADC_001973.root.00000	SADC_001973.root.00063	2026-06-12 07:05:55	2026-06-12 07:17:55	0	64	64	63	62	62	0
001974	315	1648230759	00000	00063	FADC_001974.root.00000	SADC_001974.root.00063	2026-06-12 07:17:58	2026-06-12 07:30:02	0	64	64	63	62	62	0
001975	306	1367467428	00000	00060	FADC_001975.root.00000	SADC_001975.root.00060	2026-06-12 07:30:04	2026-06-12 07:39:59	0	61	61	62	61	61	0
001976	361	1579292668	00000	00071	FADC_001976.root.00000	SADC_001976.root.00071	2026-06-12 07:40:03	2026-06-12 07:52:01	0	72	72	73	72	72	0
001977	310	1348115332	00000	00062	FADC_001977.root.00000	SADC_001977.root.00062	2026-06-12 07:52:05	2026-06-12 08:01:57	0	63	63	62	61	61	0
001978	306	1335378230	00000	00060	FADC_001978.root.00000	SADC_001978.root.00060	2026-06-12 08:02:01	2026-06-12 08:11:39	0	61	61	62	61	61	0
001979	305	1329517579	00000	00061	FADC_001979.root.00000	SADC_001979.root.00061	2026-06-12 08:11:47	2026-06-12 08:21:21	0	62	62	61	60	60	0
001980	325	1446174337	00000	00065	FADC_001980.root.00000	SADC_001980.root.00065	2026-06-12 08:21:23	2026-06-12 08:31:55	0	66	66	65	64	64	0
001981	300	1323370868	00000	00060	FADC_001981.root.00000	SADC_001981.root.00060	2026-06-12 08:31:56	2026-06-12 08:41:36	0	61	61	60	59	59	0
001982	316	1410172883	00000	00062	FADC_001982.root.00000	SADC_001982.root.00062	2026-06-12 08:41:40	2026-06-12 08:52:06	0	63	63	64	63	63	0
001983	350	1565654253	00000	00070	FADC_001983.root.00000	SADC_001983.root.00070	2026-06-12 08:52:09	2026-06-12 09:03:27	0	71	71	70	69	69	0
001984	311	1365206269	00000	00061	FADC_001984.root.00000	SADC_001984.root.00061	2026-06-12 09:03:31	2026-06-12 09:13:29	0	62	62	63	62	62	0
001985	320	1532601198	00000	00064	FADC_001985.root.00000	SADC_001985.root.00064	2026-06-12 09:13:31	2026-06-12 09:24:46	0	65	65	64	63	63	0
001986	305	1481409587	00000	00061	FADC_001986.root.00000	SADC_001986.root.00061	2026-06-12 09:24:54	2026-06-12 09:35:28	0	62	62	61	60	60	0
001987	300	1449165456	00000	00060	FADC_001987.root.00000	SADC_001987.root.00060	2026-06-12 09:35:30	2026-06-12 09:45:57	0	61	61	60	59	59	0
001988	386	1763682239	00000	00076	FADC_001988.root.00000	SADC_001988.root.00076	2026-06-12 09:45:59	2026-06-12 09:58:46	0	77	77	78	77	77	0
001989	306	1453773079	00000	00060	FADC_001989.root.00000	SADC_001989.root.00060	2026-06-12 09:58:48	2026-06-12 10:09:34	0	61	61	62	61	61	0
001990	310	1493861649	00000	00062	FADC_001990.root.00000	SADC_001990.root.00062	2026-06-12 10:09:36	2026-06-12 10:20:57	0	63	63	62	61	61	0
001991	216	939541879	00000	00060	FADC_001991.root.00000	SADC_001991.root.00060	2026-06-12 10:21:01	2026-06-12 10:27:58	0	61	61	32	31	31	0
001992	218	989725108	00000	00061	FADC_001992.root.00000	SADC_001992.root.00061	2026-06-12 10:28:00	2026-06-12 10:35:46	0	62	62	32	31	31	0
001993	330	338486233	00000	00066	FADC_001993.root.00000	SADC_001993.root.00066	2026-06-12 10:35:47	2026-06-12 10:39:57	0	67	67	66	65	65	0
001994	257	256711468	00000	00067	FADC_001994.root.00000	SADC_001994.root.00067	2026-06-12 10:39:57	2026-06-12 10:42:49	0	68	68	41	40	40	0
001995	305	315478514	00000	00061	FADC_001995.root.00000	SADC_001995.root.00061	2026-06-12 10:42:53	2026-06-12 10:46:15	0	62	62	61	60	60	0
001996	755	767572183	00000	00151	FADC_001996.root.00000	SADC_001996.root.00151	2026-06-12 10:46:15	2026-06-12 10:54:34	0	152	152	151	150	150	0
001997	305	320645175	00000	00061	FADC_001997.root.00000	SADC_001997.root.00061	2026-06-12 10:54:37	2026-06-12 10:59:03	0	62	62	61	60	60	0
001998	908	955995750	00000	00181	FADC_001998.root.00000	SADC_001998.root.00181	2026-06-12 10:59:04	2026-06-12 11:11:22	0	182	182	182	181	181	0
001999	308	309348205	00000	00061	FADC_001999.root.00000	SADC_001999.root.00061	2026-06-12 11:11:27	2026-06-12 11:14:53	0	62	62	62	61	61	0
002000	320	313365555	00000	00064	FADC_002000.root.00000	SADC_002000.root.00064	2026-06-12 11:14:54	2026-06-12 11:18:30	0	65	65	64	63	63	0
002001	525	531782151	00000	00105	FADC_002001.root.00000	SADC_002001.root.00105	2026-06-12 11:18:32	2026-06-12 11:24:14	0	106	106	105	104	104	0
002006	4	32644			FADC1_002006.root.00000	FADC4_002006.root.00000	2026-06-12 11:24:15	2026-06-12 11:24:15	0	0	0	0	0	0	4
002008	4	32644			FADC1_002008.root.00000	FADC4_002008.root.00000	2026-06-12 11:24:18	2026-06-12 11:24:18	0	0	0	0	0	0	4
002026	2	16088	00000		FADC_002026.root.00000	SADC_002026.root.00000	2026-06-12 11:24:25	2026-06-12 11:24:25	0	1	1	0	0	0	0
002029	870	5418849984	00000	00174	FADC_002029.root.00000	SADC_002029.root.00174	2026-06-12 11:24:32	2026-06-12 12:02:47	0	175	175	174	173	173	0
002030	1356	8503405215	00000	00270	FADC_002030.root.00000	SADC_002030.root.00270	2026-06-12 12:02:52	2026-06-12 13:04:11	0	271	271	272	271	271	0
002031	505	3172285394	00000	00101	FADC_002031.root.00000	SADC_002031.root.00101	2026-06-12 13:04:14	2026-06-12 13:26:48	0	102	102	101	100	100	0
002032	457	2874192848	00000	00092	FADC_002032.root.00000	SADC_002032.root.00092	2026-06-12 13:26:52	2026-06-12 13:47:00	0	93	93	91	90	90	0
002033	470	2955693412	00000	00094	FADC_002033.root.00000	SADC_002033.root.00094	2026-06-12 13:47:04	2026-06-12 14:08:27	0	95	95	94	93	93	0
002034	520	3302479871	00000	00104	FADC_002034.root.00000	SADC_002034.root.00104	2026-06-12 14:08:31	2026-06-12 14:31:30	0	105	105	104	103	103	0
002035	1590	9975085106	00000	00318	FADC_002035.root.00000	SADC_002035.root.00318	2026-06-12 14:31:34	2026-06-12 15:38:56	0	319	319	318	317	317	0
002036	265	37404985	00000	00053	FADC_002036.root.00000	SADC_002036.root.00053	2026-06-12 15:38:56	2026-06-12 15:40:14	0	54	54	53	52	52	0
002037	20	2476570	00000	00004	FADC_002037.root.00000	SADC_002037.root.00004	2026-06-12 15:40:16	2026-06-12 15:40:20	0	5	5	4	3	3	0
002038	53	2036617	00000	00013	FADC_002038.root.00000	SADC_002038.root.00013	2026-06-12 15:40:21	2026-06-12 15:40:30	0	14	14	8	9	8	0
002039	18	2504061	00000	00008	FADC_002039.root.00000	SADC_002039.root.00008	2026-06-12 15:40:30	2026-06-12 15:40:35	0	9	9	0	0	0	0
002040	15	79313674	00000	00003	FADC_002040.root.00000	SADC_002040.root.00003	2026-06-12 15:40:39	2026-06-12 15:41:02	0	4	4	3	2	2	0
002041	145	889812409	00000	00029	FADC_002041.root.00000	SADC_002041.root.00029	2026-06-12 15:41:04	2026-06-12 15:46:41	0	30	30	29	28	28	0
002042	35	201489867	00000	00007	FADC_002042.root.00000	SADC_002042.root.00007	2026-06-12 15:46:45	2026-06-12 15:48:02	0	8	8	7	6	6	0
002043	175	1073103152	00000	00035	FADC_002043.root.00000	SADC_002043.root.00035	2026-06-12 15:48:06	2026-06-12 15:54:53	0	36	36	35	34	34	0
002044	35	203293243	00000	00007	FADC_002044.root.00000	SADC_002044.root.00007	2026-06-12 15:54:57	2026-06-12 15:56:00	0	8	8	7	6	6	0
002045	520	3239028006	00000	00104	FADC_002045.root.00000	SADC_002045.root.00104	2026-06-12 15:56:05	2026-06-12 16:16:43	0	105	105	104	103	103	0
002046	555	3439103331	00000	00111	FADC_002046.root.00000	SADC_002046.root.00111	2026-06-12 16:16:48	2026-06-12 16:38:19	0	112	112	111	110	110	0
002047	591	3620719332	00000	00123	FADC_002047.root.00000	SADC_002047.root.00123	2026-06-12 16:38:22	2026-06-12 17:01:22	0	124	124	115	114	114	0
002048	1230	7669656020	00000	00246	FADC_002048.root.00000	SADC_002048.root.00246	2026-06-12 17:01:27	2026-06-12 18:40:19	0	247	247	246	245	245	0
002049	1047	6558919501	00000	00210	FADC_002049.root.00000	SADC_002049.root.00210	2026-06-12 18:40:26	2026-06-12 19:38:07	0	211	211	209	208	208	0
002050	910	5740491646	00000	00182	FADC_002050.root.00000	SADC_002050.root.00182	2026-06-12 19:38:18	2026-06-12 20:23:11	0	183	183	182	181	181	0
002051	900	5691296631	00000	00180	FADC_002051.root.00000	SADC_002051.root.00180	2026-06-12 20:23:17	2026-06-12 21:07:34	0	181	181	180	179	179	0
002052	1050	6657781377	00000	00210	FADC_002052.root.00000	SADC_002052.root.00210	2026-06-12 21:07:39	2026-06-12 21:59:31	0	211	211	210	209	209	0
002053	915	5810183296	00000	00183	FADC_002053.root.00000	SADC_002053.root.00183	2026-06-12 21:59:36	2026-06-12 22:44:42	0	184	184	183	182	182	0
002054	879	5548063963	00000	00180	FADC_002054.root.00000	SADC_002054.root.00180	2026-06-12 22:44:44	2026-06-12 23:28:31	0	181	181	173	172	172	0
002055	906	5693070798	00000	00180	FADC_002055.root.00000	SADC_002055.root.00180	2026-06-12 23:28:36	2026-06-13 00:13:05	0	181	181	182	181	181	0
002056	915	5762815678	00000	00192	FADC_002056.root.00000	SADC_002056.root.00192	2026-06-13 00:13:09	2026-06-13 00:58:18	0	193	193	177	176	176	0
002057	63	1915813	00000	00015	FADC_002057.root.00000	SADC_002057.root.00015	2026-06-13 00:58:18	2026-06-13 00:58:29	0	16	16	2	15	14	0
002058	2	16088	00000		FADC_002058.root.00000	SADC_002058.root.00000	2026-06-13 00:58:31	2026-06-13 00:58:31	0	1	1	0	0	0	0
002059	1220	7602176754	00000	00244	FADC_002059.root.00000	SADC_002059.root.00244	2026-06-13 00:58:37	2026-06-13 01:58:05	0	245	245	244	243	243	0
002060	980	6093301980	00000	00196	FADC_002060.root.00000	SADC_002060.root.00196	2026-06-13 01:58:09	2026-06-13 02:46:18	0	197	197	196	195	195	0
002061	1130	7080386038	00000	00226	FADC_002061.root.00000	SADC_002061.root.00226	2026-06-13 02:46:22	2026-06-13 03:42:16	0	227	227	226	225	225	0
002062	960	5989302791	00000	00192	FADC_002062.root.00000	SADC_002062.root.00192	2026-06-13 03:42:20	2026-06-13 04:29:34	0	193	193	192	191	191	0
002063	665	4232262040	00000	00133	FADC_002063.root.00000	SADC_002063.root.00133	2026-06-13 04:29:39	2026-06-13 05:02:55	0	134	134	133	132	132	0
002064	685	4538206393	00000	00137	FADC_002064.root.00000	SADC_002064.root.00137	2026-06-13 05:03:02	2026-06-13 05:37:50	0	138	138	137	136	136	0
002065	1160	7609095869	00000	00232	FADC_002065.root.00000	SADC_002065.root.00232	2026-06-13 05:37:58	2026-06-13 06:37:22	0	233	233	232	231	231	0
002066	370	398341077	00364	00365	FADC_002066.root.00364	SADC_002066.root.00365	2026-06-13 06:37:27	2026-06-13 06:42:12	0	2	366	1	0	1	0
002067	184	196488514	00180	00180	FADC_002067.root.00180	SADC_002067.root.00180	2026-06-13 06:42:18	2026-06-13 06:44:49	0	1	181	1	0	1	0
002068	189	195996156	00185	00185	FADC_002068.root.00185	SADC_002068.root.00185	2026-06-13 06:44:50	2026-06-13 06:47:37	0	1	186	1	0	1	0
002069	331	352609501	00325	00326	FADC_002069.root.00325	SADC_002069.root.00326	2026-06-13 06:47:39	2026-06-13 06:51:58	0	2	327	1	0	1	0
002070	14	13917859	00010	00010	FADC_002070.root.00010	SADC_002070.root.00010	2026-06-13 06:52:08	2026-06-13 06:52:16	0	1	11	1	0	1	0
002071	164	177021661	00160	00160	FADC_002071.root.00160	SADC_002071.root.00160	2026-06-13 06:52:20	2026-06-13 06:54:39	0	1	161	1	0	1	0
002072	571	3915881368	00283	00283	FADC_002072.root.00283	SADC_002072.root.00283	2026-06-13 06:54:42	2026-06-13 07:25:09	0	1	284	285	0	1	0
002073	256	370521591	00252	00252	FADC_002073.root.00252	SADC_002073.root.00252	2026-06-13 07:25:19	2026-06-13 07:29:11	0	1	253	1	0	1	0
002074	208	294509518	00204	00204	FADC_002074.root.00204	SADC_002074.root.00204	2026-06-13 07:29:14	2026-06-13 07:32:29	0	1	205	1	0	1	0
002075	1	1464					2026-06-13 07:32:29	2026-06-13 07:32:29	0	0	0	1	0	0	0
002076	262	505267463	00256	00257	FADC_002076.root.00256	SADC_002076.root.00257	2026-06-13 07:32:39	2026-06-13 07:37:40	0	2	258	1	0	1	0
002077	190	373673470	00184	00185	FADC_002077.root.00184	SADC_002077.root.00185	2026-06-13 07:37:48	2026-06-13 07:41:23	0	2	186	1	0	1	0
002078	2	14750892	00000		FADC_002078.root.00000	SADC_002078.root.00000	2026-06-13 07:41:25	2026-06-13 07:41:26	0	1	1	0	0	0	0
002079	7	22369822	00003	00003	FADC_002079.root.00003	SADC_002079.root.00003	2026-06-13 07:41:35	2026-06-13 07:41:40	0	1	4	1	0	1	0
002080	1	1464					2026-06-13 07:41:40	2026-06-13 07:41:40	0	0	0	1	0	0	0
002081	2	3533510	00000		FADC_002081.root.00000	SADC_002081.root.00000	2026-06-13 07:41:41	2026-06-13 07:41:41	0	1	1	0	0	0	0
002082	2	2840237	00000		FADC_002082.root.00000	SADC_002082.root.00000	2026-06-13 07:41:42	2026-06-13 07:41:43	0	1	1	0	0	0	0
002084	493	8241877058	00244	00244	FADC_002084.root.00244	SADC_002084.root.00244	2026-06-13 07:41:49	2026-06-13 08:41:10	0	1	245	246	0	1	0
002085	2	1952627	00000		FADC_002085.root.00000	SADC_002085.root.00000	2026-06-13 08:41:16	2026-06-13 08:41:16	0	1	1	0	0	0	0
002086	215	1777417518					2026-06-13 08:41:19	2026-06-13 08:55:08	0	0	0	215	0	0	0
002087	543	890878345	00539	00539	FADC_002087.root.00539	SADC_002087.root.00539	2026-06-13 08:55:10	2026-06-13 09:04:20	0	1	540	1	0	1	0
002088	168	367493236	00162	00163	FADC_002088.root.00162	SADC_002088.root.00163	2026-06-13 09:04:31	2026-06-13 09:07:53	0	2	164	1	0	1	0
002089	941	11060450892	00000	00187	FADC_002089.root.00000	SADC_002089.root.00187	2026-06-13 09:08:08	2026-06-13 10:30:18	0	188	188	189	188	188	0
002090	1200	7216409855	00000	00240	FADC_002090.root.00000	SADC_002090.root.00240	2026-06-13 10:30:24	2026-06-13 11:27:37	0	241	241	240	239	239	0
002091	1380	8403900487	00000	00276	FADC_002091.root.00000	SADC_002091.root.00276	2026-06-13 11:27:40	2026-06-13 12:33:53	0	277	277	276	275	275	0
002092	2425	14508938952	00000	00485	FADC_002092.root.00000	SADC_002092.root.00485	2026-06-13 12:33:57	2026-06-13 14:28:42	0	486	486	485	484	484	0
002093	1405	8421748116	00000	00281	FADC_002093.root.00000	SADC_002093.root.00281	2026-06-13 14:28:47	2026-06-13 15:35:08	0	282	282	281	280	280	0
002094	1215	7352968744	00000	00243	FADC_002094.root.00000	SADC_002094.root.00243	2026-06-13 15:35:11	2026-06-13 16:46:25	0	244	244	243	242	242	0
002095	1230	7466935645	00000	00246	FADC_002095.root.00000	SADC_002095.root.00246	2026-06-13 16:46:34	2026-06-13 17:36:34	0	247	247	246	245	245	0
002096	1430	8705706645	00000	00286	FADC_002096.root.00000	SADC_002096.root.00286	2026-06-13 17:36:35	2026-06-13 19:30:11	0	287	287	286	285	285	0
002097	1231	7541141997	00000	00245	FADC_002097.root.00000	SADC_002097.root.00245	2026-06-13 19:33:14	2026-06-13 22:35:57	0	246	246	247	246	246	0
002098	2002	14512478077	00000	00499	FADC_002098.root.00000	FADC_002098.root.00499	2026-06-13 22:36:03	2026-06-14 02:59:41	0	500	0	501	500	501	0
002100	1440	8503556009	00000	00288	FADC_002100.root.00000	SADC_002100.root.00288	2026-06-14 02:59:47	2026-06-14 05:38:02	0	289	289	288	287	287	0
002101	1385	8173147472	00000	00277	FADC_002101.root.00000	SADC_002101.root.00277	2026-06-14 05:38:28	2026-06-14 07:53:05	0	278	278	277	276	276	0
002102	1500	9141073581	00000	00300	FADC_002102.root.00000	SADC_002102.root.00300	2026-06-14 07:53:18	2026-06-14 09:54:35	0	301	301	300	299	299	0
002103	1605	9789993876	00000	00321	FADC_002103.root.00000	SADC_002103.root.00321	2026-06-14 09:54:49	2026-06-14 12:05:15	0	322	322	321	320	320	0
002104	1310	7976126878	00000	00262	FADC_002104.root.00000	SADC_002104.root.00262	2026-06-14 12:05:30	2026-06-14 13:51:57	0	263	263	262	261	261	0
002114	1	17932572	00000		FADC_002114.root.00000	FADC_002114.root.00000	2026-06-14 13:52:20	2026-06-14 13:52:20	0	1	0	0	0	0	0
002115	1	716914			SADC_002115.root.00000	SADC_002115.root.00000	2026-06-14 13:52:27	2026-06-14 13:52:27	0	0	1	0	0	0	0
002118	2	20551981	00000		FADC_002118.root.00000	SADC_002118.root.00000	2026-06-14 13:52:42	2026-06-14 13:52:42	0	1	1	0	0	0	0
002121	2	3316272	00000		FADC_002121.root.00000	SADC_002121.root.00000	2026-06-14 13:52:43	2026-06-14 13:52:44	0	1	1	0	0	0	0
002122	488	2285070815	00000	00243	FADC_002122.root.00000	SADC_002122.root.00243	2026-06-14 13:52:53	2026-06-14 14:24:28	0	244	244	0	0	0	0
002123	2081	11467978273	00000	00415	FADC_002123.root.00000	SADC_002123.root.00415	2026-06-14 14:24:33	2026-06-14 17:28:53	0	416	416	417	416	416	0
002124	1251	6866911850	00000	00249	FADC_002124.root.00000	SADC_002124.root.00249	2026-06-14 17:29:25	2026-06-14 20:41:23	0	250	250	251	250	250	0
0021245	0	0							0	0	0	0	0	0	0
002125	1416	7612836749	00000	00282	FADC_002125.root.00000	SADC_002125.root.00282	2026-06-14 20:42:38	2026-06-15 00:10:31	0	283	283	284	283	283	0
002126	1596	8720215467	00000	00318	FADC_002126.root.00000	SADC_002126.root.00318	2026-06-15 00:10:39	2026-06-15 05:26:01	0	319	319	320	319	319	0
002127	2391	12921893074	00000	00477	FADC_002127.root.00000	SADC_002127.root.00477	2026-06-15 05:27:25	2026-06-15 12:15:10	0	478	478	479	478	478	0
002128	1282	6903364738	00000	00257	FADC_002128.root.00000	SADC_002128.root.00257	2026-06-15 12:15:17	2026-06-15 15:24:15	0	258	258	256	255	255	0
002129	1620	8861965512	00000	00324	FADC_002129.root.00000	SADC_002129.root.00324	2026-06-15 15:27:14	2026-06-15 17:57:07	0	325	325	324	323	323	0
002130	1200	7268051940	00000	00240	FADC_002130.root.00000	SADC_002130.root.00240	2026-06-15 17:57:19	2026-06-15 19:00:31	0	241	241	240	239	239	0
002131	1225	7473705728	00000	00245	FADC_002131.root.00000	SADC_002131.root.00245	2026-06-15 19:00:34	2026-06-15 19:52:09	0	246	246	245	244	244	0
002132	1235	7437057347	00000	00247	FADC_002132.root.00000	SADC_002132.root.00247	2026-06-15 19:52:16	2026-06-15 20:43:35	0	248	248	247	246	246	0
002133	1725	10493913616	00000	00345	FADC_002133.root.00000	SADC_002133.root.00345	2026-06-15 20:43:44	2026-06-15 21:56:14	0	346	346	345	344	344	0
002134	1865	11174126814	00000	00373	FADC_002134.root.00000	SADC_002134.root.00373	2026-06-15 21:56:20	2026-06-15 23:13:04	0	374	374	373	372	372	0
002135	1445	8663101684	00000	00289	FADC_002135.root.00000	SADC_002135.root.00289	2026-06-15 23:13:12	2026-06-16 00:32:05	0	290	290	289	288	288	0
002136	1	1414675102	00000		FADC_002136.root.00000	FADC_002136.root.00000	2026-06-16 00:48:49	2026-06-16 00:48:49	0	1	0	0	0	0	0
002139	2	2435044875	00000		FADC_002139.root.00000	SADC_002139.root.00000	2026-06-16 01:17:22	2026-06-16 01:17:23	0	1	1	0	0	0	0
002140	6	14539089268	00000	00002	FADC_002140.root.00000	SADC_002140.root.00002	2026-06-16 01:51:29	2026-06-16 02:49:15	0	3	3	0	0	0	0
002146	1235	7963359296	00000	00247	FADC_002146.root.00000	SADC_002146.root.00247	2026-06-16 02:49:21	2026-06-16 03:44:05	0	248	248	247	246	246	0
002147	1370	8888978286	00000	00274	FADC_002147.root.00000	SADC_002147.root.00274	2026-06-16 03:44:24	2026-06-16 04:44:52	0	275	275	274	273	273	0
002148	1200	7694999511	00000	00240	FADC_002148.root.00000	SADC_002148.root.00240	2026-06-16 04:45:03	2026-06-16 05:37:58	0	241	241	240	239	239	0
002149	1270	8150574322	00000	00254	FADC_002149.root.00000	SADC_002149.root.00254	2026-06-16 05:38:04	2026-06-16 06:33:50	0	255	255	254	253	253	0
002150	1235	7995500327	00000	00247	FADC_002150.root.00000	SADC_002150.root.00247	2026-06-16 06:33:58	2026-06-16 07:28:25	0	248	248	247	246	246	0
002151	1200	7582029128	00000	00240	FADC_002151.root.00000	SADC_002151.root.00240	2026-06-16 07:28:28	2026-06-16 08:20:25	0	241	241	240	239	239	0
002152	1420	9015746303	00000	00284	FADC_002152.root.00000	SADC_002152.root.00284	2026-06-16 08:20:34	2026-06-16 09:22:10	0	285	285	284	283	283	0
002153	1200	7482229852	00000	00240	FADC_002153.root.00000	SADC_002153.root.00240	2026-06-16 09:22:17	2026-06-16 10:13:37	0	241	241	240	239	239	0
002154	1305	8278928280	00000	00261	FADC_002154.root.00000	SADC_002154.root.00261	2026-06-16 10:13:48	2026-06-16 11:10:50	0	262	262	261	260	260	0
002155	1851	11684073029	00000	00369	FADC_002155.root.00000	SADC_002155.root.00369	2026-06-16 11:10:58	2026-06-16 12:31:47	0	370	370	371	370	370	0
002156	1631	10337060728	00000	00325	FADC_002156.root.00000	SADC_002156.root.00325	2026-06-16 12:31:54	2026-06-16 13:43:59	0	326	326	327	326	326	0
002157	1275	8013378985	00000	00255	FADC_002157.root.00000	SADC_002157.root.00255	2026-06-16 13:44:08	2026-06-16 14:39:24	0	256	256	255	254	254	0
002158	1385	8730560999	00000	00277	FADC_002158.root.00000	SADC_002158.root.00277	2026-06-16 14:39:28	2026-06-16 16:05:53	0	278	278	277	276	276	0
002159	1630	10308811358	00000	00326	FADC_002159.root.00000	SADC_002159.root.00326	2026-06-16 16:07:06	2026-06-16 17:08:22	0	327	327	326	325	325	0
002160	1075	6787370932	00000	00215	FADC_002160.root.00000	SADC_002160.root.00215	2026-06-16 17:08:25	2026-06-16 17:36:02	0	216	216	215	214	214	0
002161	1245	7893235143	00000	00249	FADC_002161.root.00000	SADC_002161.root.00249	2026-06-16 17:36:04	2026-06-16 18:07:54	0	250	250	249	248	248	0
002162	2	16088	00000		FADC_002162.root.00000	SADC_002162.root.00000	2026-06-16 18:07:55	2026-06-16 18:07:55	0	1	1	0	0	0	0
002163	1366	8610452100	00000	00272	FADC_002163.root.00000	SADC_002163.root.00272	2026-06-16 18:08:00	2026-06-16 18:44:01	0	273	273	274	273	273	0
002164	1480	9323426442	00000	00296	FADC_002164.root.00000	SADC_002164.root.00296	2026-06-16 18:44:04	2026-06-16 19:20:21	0	297	297	296	295	295	0
002165	1250	8133756664	00000	00250	FADC_002165.root.00000	SADC_002165.root.00250	2026-06-16 19:20:23	2026-06-16 19:36:23	0	251	251	250	249	249	0
002166	1312	8478116262	00000	00263	FADC_002166.root.00000	SADC_002166.root.00263	2026-06-16 19:36:25	2026-06-16 20:05:19	0	264	264	262	261	261	0
002167	1977	12185653666	00000	00396	FADC_002167.root.00000	SADC_002167.root.00396	2026-06-16 20:05:21	2026-06-16 20:47:36	0	397	397	395	394	394	0
002168	1925	11912406707	00000	00385	FADC_002168.root.00000	SADC_002168.root.00385	2026-06-16 20:47:38	2026-06-16 21:29:14	0	386	386	385	384	384	0
002169	1280	8012545501	00000	00256	FADC_002169.root.00000	SADC_002169.root.00256	2026-06-16 21:29:16	2026-06-16 21:57:09	0	257	257	256	255	255	0
002170	2365	14570649490	00000	00473	FADC_002170.root.00000	SADC_002170.root.00473	2026-06-16 21:57:14	2026-06-16 22:48:10	0	474	474	473	472	472	0
002171	1620	9973035801	00000	00324	FADC_002171.root.00000	SADC_002171.root.00324	2026-06-16 22:48:14	2026-06-16 23:23:13	0	325	325	324	323	323	0
002172	2	16088	00000		FADC_002172.root.00000	SADC_002172.root.00000	2026-06-16 23:23:13	2026-06-16 23:23:13	0	1	1	0	0	0	0
002173	2	96907	00000		FADC_002173.root.00000	SADC_002173.root.00000	2026-06-16 23:23:14	2026-06-16 23:23:14	0	1	1	0	0	0	0
002174	2	96786	00000		FADC_002174.root.00000	SADC_002174.root.00000	2026-06-16 23:23:14	2026-06-16 23:23:14	0	1	1	0	0	0	0
002175	2	96544	00000		FADC_002175.root.00000	SADC_002175.root.00000	2026-06-16 23:23:15	2026-06-16 23:23:15	0	1	1	0	0	0	0
002176	2	96585	00000		FADC_002176.root.00000	SADC_002176.root.00000	2026-06-16 23:23:15	2026-06-16 23:23:15	0	1	1	0	0	0	0
002177	2	97018	00000		FADC_002177.root.00000	SADC_002177.root.00000	2026-06-16 23:23:16	2026-06-16 23:23:16	0	1	1	0	0	0	0
002178	2	96790	00000		FADC_002178.root.00000	SADC_002178.root.00000	2026-06-16 23:23:16	2026-06-16 23:23:16	0	1	1	0	0	0	0
002179	2	96767	00000		FADC_002179.root.00000	SADC_002179.root.00000	2026-06-16 23:23:17	2026-06-16 23:23:17	0	1	1	0	0	0	0
002180	2	96445	00000		FADC_002180.root.00000	SADC_002180.root.00000	2026-06-16 23:23:17	2026-06-16 23:23:17	0	1	1	0	0	0	0
002181	2	3795877	00000		FADC_002181.root.00000	SADC_002181.root.00000	2026-06-16 23:23:17	2026-06-16 23:23:18	0	1	1	0	0	0	0
002182	201	2122215180	00000	00040	FADC_002182.root.00000	waveformV2.cc	2026-06-16 23:23:21	2026-06-16 23:30:23	0	41	41	40	39	39	1
002183	11	135017289	00000	00001	FADC_002183.root.00000	SADC_002183.root.00001	2026-06-16 23:30:29	2026-06-16 23:30:50	0	2	2	3	2	2	0
002184	15	221789510	00000	00003	FADC_002184.root.00000	SADC_002184.root.00003	2026-06-16 23:30:56	2026-06-16 23:31:33	0	4	4	3	2	2	0
002185	11	213483017	00000	00001	FADC_002185.root.00000	SADC_002185.root.00001	2026-06-16 23:31:47	2026-06-16 23:32:17	0	2	2	3	2	2	0
002186	11	106721962	00000	00001	FADC_002186.root.00000	SADC_002186.root.00001	2026-06-16 23:32:23	2026-06-16 23:32:38	0	2	2	3	2	2	0
002187	11	60127977	00000	00001	FADC_002187.root.00000	SADC_002187.root.00001	2026-06-16 23:32:41	2026-06-16 23:32:50	0	2	2	3	2	2	0
002188	11	67566882	00000	00001	FADC_002188.root.00000	SADC_002188.root.00001	2026-06-16 23:32:53	2026-06-16 23:33:05	0	2	2	3	2	2	0
002189	11	61835969	00000	00001	FADC_002189.root.00000	SADC_002189.root.00001	2026-06-16 23:33:08	2026-06-16 23:33:18	0	2	2	3	2	2	0
002190	11	61855250	00000	00001	FADC_002190.root.00000	SADC_002190.root.00001	2026-06-16 23:33:22	2026-06-16 23:33:31	0	2	2	3	2	2	0
002191	11	71164153	00000	00001	FADC_002191.root.00000	SADC_002191.root.00001	2026-06-16 23:33:34	2026-06-16 23:33:47	0	2	2	3	2	2	0
002193	11	60575841	00000	00001	FADC_002193.root.00000	SADC_002193.root.00001	2026-06-16 23:33:51	2026-06-16 23:34:01	0	2	2	3	2	2	0
002194	11	60812498	00000	00001	FADC_002194.root.00000	SADC_002194.root.00001	2026-06-16 23:34:04	2026-06-16 23:34:14	0	2	2	3	2	2	0
002195	11	62938735	00000	00001	FADC_002195.root.00000	SADC_002195.root.00001	2026-06-16 23:34:18	2026-06-16 23:34:26	0	2	2	3	2	2	0
002196	11	62555071	00000	00001	FADC_002196.root.00000	SADC_002196.root.00001	2026-06-16 23:34:29	2026-06-16 23:34:40	0	2	2	3	2	2	0
002197	51	474126884	00000	00009	FADC_002197.root.00000	SADC_002197.root.00009	2026-06-16 23:34:43	2026-06-16 23:36:16	0	10	10	11	10	10	0
002198	31	250801192	00000	00005	FADC_002198.root.00000	SADC_002198.root.00005	2026-06-16 23:36:19	2026-06-16 23:37:06	0	6	6	7	6	6	0
002199	11	60987372	00000	00001	FADC_002199.root.00000	SADC_002199.root.00001	2026-06-16 23:37:09	2026-06-16 23:37:19	0	2	2	3	2	2	0
002200	11	61157886	00000	00001	FADC_002200.root.00000	SADC_002200.root.00001	2026-06-16 23:37:23	2026-06-16 23:37:33	0	2	2	3	2	2	0
002201	21	161664923	00000	00003	FADC_002201.root.00000	SADC_002201.root.00003	2026-06-16 23:37:37	2026-06-16 23:38:06	0	4	4	5	4	4	0
002202	21	173230715	00000	00003	FADC_002202.root.00000	SADC_002202.root.00003	2026-06-16 23:38:09	2026-06-16 23:38:43	0	4	4	5	4	4	0
002203	21	164836835	00000	00003	FADC_002203.root.00000	SADC_002203.root.00003	2026-06-16 23:38:46	2026-06-16 23:39:16	0	4	4	5	4	4	0
002204	21	170088694	00000	00003	FADC_002204.root.00000	SADC_002204.root.00003	2026-06-16 23:39:19	2026-06-16 23:39:51	0	4	4	5	4	4	0
002205	26	196345847	00000	00004	FADC_002205.root.00000	SADC_002205.root.00004	2026-06-16 23:39:54	2026-06-16 23:40:30	0	5	5	6	5	5	0
002206	21	163817406	00000	00003	FADC_002206.root.00000	SADC_002206.root.00003	2026-06-16 23:40:33	2026-06-16 23:41:05	0	4	4	5	4	4	0
002207	21	169339813	00000	00003	FADC_002207.root.00000	SADC_002207.root.00003	2026-06-16 23:41:09	2026-06-16 23:41:40	0	4	4	5	4	4	0
002208	21	168308725	00000	00003	FADC_002208.root.00000	SADC_002208.root.00003	2026-06-16 23:41:44	2026-06-16 23:42:16	0	4	4	5	4	4	0
002209	26	203935237	00000	00004	FADC_002209.root.00000	SADC_002209.root.00004	2026-06-16 23:42:19	2026-06-16 23:42:56	0	5	5	6	5	5	0
002210	21	169469330	00000	00003	FADC_002210.root.00000	SADC_002210.root.00003	2026-06-16 23:43:01	2026-06-16 23:43:31	0	4	4	5	4	4	0
002211	21	168211334	00000	00003	FADC_002211.root.00000	SADC_002211.root.00003	2026-06-16 23:43:34	2026-06-16 23:44:08	0	4	4	5	4	4	0
002212	21	168707233	00000	00003	FADC_002212.root.00000	SADC_002212.root.00003	2026-06-16 23:44:11	2026-06-16 23:44:41	0	4	4	5	4	4	0
002213	21	170028390	00000	00003	FADC_002213.root.00000	SADC_002213.root.00003	2026-06-16 23:44:44	2026-06-16 23:45:17	0	4	4	5	4	4	0
002214	21	168285156	00000	00003	FADC_002214.root.00000	SADC_002214.root.00003	2026-06-16 23:45:20	2026-06-16 23:45:50	0	4	4	5	4	4	0
002215	21	181540913	00000	00003	FADC_002215.root.00000	SADC_002215.root.00003	2026-06-16 23:45:54	2026-06-16 23:46:27	0	4	4	5	4	4	0
002216	21	170065090	00000	00003	FADC_002216.root.00000	SADC_002216.root.00003	2026-06-16 23:46:32	2026-06-16 23:47:04	0	4	4	5	4	4	0
002217	21	164006981	00000	00003	FADC_002217.root.00000	SADC_002217.root.00003	2026-06-16 23:47:08	2026-06-16 23:47:38	0	4	4	5	4	4	0
002218	21	167296713	00000	00003	FADC_002218.root.00000	SADC_002218.root.00003	2026-06-16 23:47:42	2026-06-16 23:48:13	0	4	4	5	4	4	0
002219	21	172405524	00000	00003	FADC_002219.root.00000	SADC_002219.root.00003	2026-06-16 23:48:17	2026-06-16 23:48:47	0	4	4	5	4	4	0
002220	21	172561618	00000	00003	FADC_002220.root.00000	SADC_002220.root.00003	2026-06-16 23:48:50	2026-06-16 23:49:23	0	4	4	5	4	4	0
002221	21	166534471	00000	00003	FADC_002221.root.00000	SADC_002221.root.00003	2026-06-16 23:49:26	2026-06-16 23:49:56	0	4	4	5	4	4	0
002222	21	171622120	00000	00003	FADC_002222.root.00000	SADC_002222.root.00003	2026-06-16 23:50:02	2026-06-16 23:50:32	0	4	4	5	4	4	0
002223	21	175056960	00000	00003	FADC_002223.root.00000	SADC_002223.root.00003	2026-06-16 23:50:37	2026-06-16 23:51:09	0	4	4	5	4	4	0
002224	2	9149061	00000		FADC_002224.root.00000	SADC_002224.root.00000	2026-06-16 23:51:11	2026-06-16 23:51:11	0	1	1	0	0	0	0
002225	21	154716738	00000	00003	FADC_002225.root.00000	SADC_002225.root.00003	2026-06-16 23:51:15	2026-06-16 23:51:43	0	4	4	5	4	4	0
002226	16	136998850	00000	00002	FADC_002226.root.00000	SADC_002226.root.00002	2026-06-16 23:51:47	2026-06-16 23:52:13	0	3	3	4	3	3	0
002228	11	77498363	00000	00001	FADC_002228.root.00000	SADC_002228.root.00001	2026-06-16 23:52:16	2026-06-16 23:52:28	0	2	2	3	2	2	0
002229	11	76753402	00000	00001	FADC_002229.root.00000	SADC_002229.root.00001	2026-06-16 23:52:31	2026-06-16 23:52:44	0	2	2	3	2	2	0
002230	11	77187366	00000	00001	FADC_002230.root.00000	SADC_002230.root.00001	2026-06-16 23:52:47	2026-06-16 23:53:01	0	2	2	3	2	2	0
002231	21	143842986	00000	00003	FADC_002231.root.00000	SADC_002231.root.00003	2026-06-16 23:53:04	2026-06-16 23:53:29	0	4	4	5	4	4	0
002232	13	92383653	00000	00002	FADC_002232.root.00000	SADC_002232.root.00002	2026-06-16 23:53:32	2026-06-16 23:53:48	0	3	3	3	2	2	0
002233	11	78683815	00000	00001	FADC_002233.root.00000	SADC_002233.root.00001	2026-06-16 23:53:52	2026-06-16 23:54:06	0	2	2	3	2	2	0
002234	11	83660794	00000	00001	FADC_002234.root.00000	SADC_002234.root.00001	2026-06-16 23:54:10	2026-06-16 23:54:23	0	2	2	3	2	2	0
002235	11	86252974	00000	00001	FADC_002235.root.00000	SADC_002235.root.00001	2026-06-16 23:54:26	2026-06-16 23:54:42	0	2	2	3	2	2	0
002236	11	85440878	00000	00001	FADC_002236.root.00000	SADC_002236.root.00001	2026-06-16 23:54:45	2026-06-16 23:54:57	0	2	2	3	2	2	0
002237	11	86183691	00000	00001	FADC_002237.root.00000	SADC_002237.root.00001	2026-06-16 23:55:03	2026-06-16 23:55:17	0	2	2	3	2	2	0
002238	11	84815281	00000	00001	FADC_002238.root.00000	SADC_002238.root.00001	2026-06-16 23:55:21	2026-06-16 23:55:35	0	2	2	3	2	2	0
002239	11	84359615	00000	00001	FADC_002239.root.00000	SADC_002239.root.00001	2026-06-16 23:55:38	2026-06-16 23:55:51	0	2	2	3	2	2	0
002240	11	84977113	00000	00001	FADC_002240.root.00000	SADC_002240.root.00001	2026-06-16 23:55:54	2026-06-16 23:56:10	0	2	2	3	2	2	0
002241	21	182118972	00000	00003	FADC_002241.root.00000	SADC_002241.root.00003	2026-06-16 23:56:15	2026-06-16 23:56:48	0	4	4	5	4	4	0
002242	23	196487154	00000	00004	FADC_002242.root.00000	SADC_002242.root.00004	2026-06-16 23:56:51	2026-06-16 23:57:27	0	5	5	5	4	4	0
002243	21	182378792	00000	00003	FADC_002243.root.00000	SADC_002243.root.00003	2026-06-16 23:57:31	2026-06-16 23:58:05	0	4	4	5	4	4	0
002244	21	155440149	00000	00003	FADC_002244.root.00000	SADC_002244.root.00003	2026-06-16 23:58:10	2026-06-16 23:58:38	0	4	4	5	4	4	0
002245	21	171476652	00000	00003	FADC_002245.root.00000	SADC_002245.root.00003	2026-06-16 23:58:42	2026-06-16 23:59:15	0	4	4	5	4	4	0
002246	11	64074430	00000	00001	FADC_002246.root.00000	SADC_002246.root.00001	2026-06-16 23:59:18	2026-06-16 23:59:27	0	2	2	3	2	2	0
002247	96	918739351	00000	00018	FADC_002247.root.00000	SADC_002247.root.00018	2026-06-16 23:59:31	2026-06-17 00:02:34	0	19	19	20	19	19	0
002248	86	865393183	00000	00016	FADC_002248.root.00000	SADC_002248.root.00016	2026-06-17 00:02:37	2026-06-17 00:05:28	0	17	17	18	17	17	0
002249	16	110126683	00000	00002	FADC_002249.root.00000	SADC_002249.root.00002	2026-06-17 00:05:31	2026-06-17 00:05:50	0	3	3	4	3	3	0
002250	2	16088	00000		FADC_002250.root.00000	SADC_002250.root.00000	2026-06-17 00:05:50	2026-06-17 00:05:50	0	1	1	0	0	0	0
002251	6	426506682	00000		FADC_002251.root.00000	SADC_002251.root.00000	2026-06-17 00:06:19	2026-06-17 00:07:14	0	1	1	2	1	1	0
002252	6	427148608	00000		FADC_002252.root.00000	SADC_002252.root.00000	2026-06-17 00:07:40	2026-06-17 00:08:35	0	1	1	2	1	1	0
002253	6	185611723	00000		FADC_002253.root.00000	SADC_002253.root.00000	2026-06-17 00:08:46	2026-06-17 00:09:10	0	1	1	2	1	1	0
002254	6	182413747	00000		FADC_002254.root.00000	SADC_002254.root.00000	2026-06-17 00:09:22	2026-06-17 00:09:46	0	1	1	2	1	1	0
002255	21	185333342	00000	00003	FADC_002255.root.00000	SADC_002255.root.00003	2026-06-17 00:09:49	2026-06-17 00:10:24	0	4	4	5	4	4	0
002256	26	215379126	00000	00004	FADC_002256.root.00000	SADC_002256.root.00004	2026-06-17 00:10:27	2026-06-17 00:11:08	0	5	5	6	5	5	0
002257	31	242977802	00000	00005	FADC_002257.root.00000	SADC_002257.root.00005	2026-06-17 00:11:11	2026-06-17 00:11:56	0	6	6	7	6	6	0
002258	31	251454239	00000	00005	FADC_002258.root.00000	SADC_002258.root.00005	2026-06-17 00:12:02	2026-06-17 00:12:48	0	6	6	7	6	6	0
002259	31	261064763	00000	00005	FADC_002259.root.00000	SADC_002259.root.00005	2026-06-17 00:12:54	2026-06-17 00:13:44	0	6	6	7	6	6	0
002260	56	495084008	00000	00010	FADC_002260.root.00000	SADC_002260.root.00010	2026-06-17 00:13:47	2026-06-17 00:15:24	0	11	11	12	11	11	0
002261	31	269921840	00000	00005	FADC_002261.root.00000	SADC_002261.root.00005	2026-06-17 00:15:28	2026-06-17 00:16:21	0	6	6	7	6	6	0
002262	61	571498635	00000	00011	FADC_002262.root.00000	SADC_002262.root.00011	2026-06-17 00:16:24	2026-06-17 00:18:17	0	12	12	13	12	12	0
002263	36	318259290	00000	00006	FADC_002263.root.00000	SADC_002263.root.00006	2026-06-17 00:18:21	2026-06-17 00:19:22	0	7	7	8	7	7	0
002264	56	552246044	00000	00010	FADC_002264.root.00000	SADC_002264.root.00010	2026-06-17 00:19:26	2026-06-17 00:21:16	0	11	11	12	11	11	0
002265	31	264058756	00000	00005	FADC_002265.root.00000	SADC_002265.root.00005	2026-06-17 00:21:19	2026-06-17 00:22:09	0	6	6	7	6	6	0
002266	56	525300503	00000	00010	FADC_002266.root.00000	SADC_002266.root.00010	2026-06-17 00:22:14	2026-06-17 00:23:55	0	11	11	12	11	11	0
002267	31	279536223	00000	00005	FADC_002267.root.00000	SADC_002267.root.00005	2026-06-17 00:24:01	2026-06-17 00:24:53	0	6	6	7	6	6	0
002268	36	327984612	00000	00006	FADC_002268.root.00000	SADC_002268.root.00006	2026-06-17 00:24:57	2026-06-17 00:26:02	0	7	7	8	7	7	0
002269	31	296214503	00000	00005	FADC_002269.root.00000	SADC_002269.root.00005	2026-06-17 00:26:05	2026-06-17 00:27:02	0	6	6	7	6	6	0
002270	31	260157283	00000	00005	FADC_002270.root.00000	SADC_002270.root.00005	2026-06-17 00:27:05	2026-06-17 00:27:54	0	6	6	7	6	6	0
002271	16	127576686	00000	00002	FADC_002271.root.00000	SADC_002271.root.00002	2026-06-17 00:27:57	2026-06-17 00:28:21	0	3	3	4	3	3	0
002272	36	300873730	00000	00006	FADC_002272.root.00000	SADC_002272.root.00006	2026-06-17 00:28:25	2026-06-17 00:29:24	0	7	7	8	7	7	0
002273	21	172621979	00000	00003	FADC_002273.root.00000	SADC_002273.root.00003	2026-06-17 00:29:27	2026-06-17 00:29:58	0	4	4	5	4	4	0
002274	11	82910973	00000	00001	FADC_002274.root.00000	SADC_002274.root.00001	2026-06-17 00:30:03	2026-06-17 00:30:17	0	2	2	3	2	2	0
002275	11	84103476	00000	00001	FADC_002275.root.00000	SADC_002275.root.00001	2026-06-17 00:30:21	2026-06-17 00:30:35	0	2	2	3	2	2	0
002276	11	85977980	00000	00001	FADC_002276.root.00000	SADC_002276.root.00001	2026-06-17 00:30:38	2026-06-17 00:30:51	0	2	2	3	2	2	0
002277	11	83071242	00000	00001	FADC_002277.root.00000	SADC_002277.root.00001	2026-06-17 00:30:54	2026-06-17 00:31:10	0	2	2	3	2	2	0
002278	31	242676411	00000	00005	FADC_002278.root.00000	SADC_002278.root.00005	2026-06-17 00:31:14	2026-06-17 00:31:58	0	6	6	7	6	6	0
002279	46	417322673	00000	00008	FADC_002279.root.00000	SADC_002279.root.00008	2026-06-17 00:32:05	2026-06-17 00:33:25	0	9	9	10	9	9	0
002280	86	807397878	00000	00016	FADC_002280.root.00000	SADC_002280.root.00016	2026-06-17 00:33:28	2026-06-17 00:36:11	0	17	17	18	17	17	0
002281	31	250213299	00000	00005	FADC_002281.root.00000	SADC_002281.root.00005	2026-06-17 00:36:15	2026-06-17 00:37:02	0	6	6	7	6	6	0
002282	31	254930090	00000	00005	FADC_002282.root.00000	SADC_002282.root.00005	2026-06-17 00:37:05	2026-06-17 00:37:53	0	6	6	7	6	6	0
002283	31	244528309	00000	00005	FADC_002283.root.00000	SADC_002283.root.00005	2026-06-17 00:37:56	2026-06-17 00:38:45	0	6	6	7	6	6	0
002284	31	255036001	00000	00005	FADC_002284.root.00000	SADC_002284.root.00005	2026-06-17 00:38:48	2026-06-17 00:39:37	0	6	6	7	6	6	0
002285	31	242382606	00000	00005	FADC_002285.root.00000	SADC_002285.root.00005	2026-06-17 00:39:41	2026-06-17 00:40:27	0	6	6	7	6	6	0
002286	31	252988959	00000	00005	FADC_002286.root.00000	SADC_002286.root.00005	2026-06-17 00:40:30	2026-06-17 00:41:20	0	6	6	7	6	6	0
002287	31	242474373	00000	00005	FADC_002287.root.00000	SADC_002287.root.00005	2026-06-17 00:41:24	2026-06-17 00:42:12	0	6	6	7	6	6	0
002288	31	276588389	00000	00005	FADC_002288.root.00000	SADC_002288.root.00005	2026-06-17 00:42:16	2026-06-17 00:43:08	0	6	6	7	6	6	0
002289	33	283429147	00000	00006	FADC_002289.root.00000	SADC_002289.root.00006	2026-06-17 00:43:11	2026-06-17 00:44:06	0	7	7	7	6	6	0
002290	31	249523833	00000	00005	FADC_002290.root.00000	SADC_002290.root.00005	2026-06-17 00:44:10	2026-06-17 00:44:56	0	6	6	7	6	6	0
002291	31	245820759	00000	00005	FADC_002291.root.00000	SADC_002291.root.00005	2026-06-17 00:45:03	2026-06-17 00:45:49	0	6	6	7	6	6	0
002292	31	248916586	00000	00005	FADC_002292.root.00000	SADC_002292.root.00005	2026-06-17 00:45:53	2026-06-17 00:46:42	0	6	6	7	6	6	0
002293	31	250357394	00000	00005	FADC_002293.root.00000	SADC_002293.root.00005	2026-06-17 00:46:45	2026-06-17 00:47:32	0	6	6	7	6	6	0
002294	41	346268967	00000	00007	FADC_002294.root.00000	SADC_002294.root.00007	2026-06-17 00:47:38	2026-06-17 00:48:45	0	8	8	9	8	8	0
002295	31	245112609	00000	00005	FADC_002295.root.00000	SADC_002295.root.00005	2026-06-17 00:48:48	2026-06-17 00:49:35	0	6	6	7	6	6	0
002296	31	265706552	00000	00005	FADC_002296.root.00000	SADC_002296.root.00005	2026-06-17 00:49:41	2026-06-17 00:50:31	0	6	6	7	6	6	0
002297	31	254909529	00000	00005	FADC_002297.root.00000	SADC_002297.root.00005	2026-06-17 00:50:35	2026-06-17 00:51:24	0	6	6	7	6	6	0
002298	36	333551979	00000	00006	FADC_002298.root.00000	SADC_002298.root.00006	2026-06-17 00:51:27	2026-06-17 00:52:31	0	7	7	8	7	7	0
002299	31	246043402	00000	00005	FADC_002299.root.00000	SADC_002299.root.00005	2026-06-17 00:52:34	2026-06-17 00:53:22	0	6	6	7	6	6	0
002300	6	25522046	00000		FADC_002300.root.00000	SADC_002300.root.00000	2026-06-17 00:53:23	2026-06-17 00:53:27	0	1	1	2	1	1	0
002301	11	56296353	00000	00001	FADC_002301.root.00000	SADC_002301.root.00001	2026-06-17 00:53:30	2026-06-17 00:53:40	0	2	2	3	2	2	0
002302	11	75710309	00000	00001	FADC_002302.root.00000	SADC_002302.root.00001	2026-06-17 00:53:43	2026-06-17 00:53:55	0	2	2	3	2	2	0
002303	6	87547011	00000		FADC_002303.root.00000	SADC_002303.root.00000	2026-06-17 00:54:03	2026-06-17 00:54:15	0	1	1	2	1	1	0
002304	6	149800476	00000		FADC_002304.root.00000	SADC_002304.root.00000	2026-06-17 00:54:23	2026-06-17 00:54:43	0	1	1	2	1	1	0
002305	6	218557685	00000		FADC_002305.root.00000	SADC_002305.root.00000	2026-06-17 00:54:56	2026-06-17 00:55:25	0	1	1	2	1	1	0
002306	11	716467783	00000	00001	FADC_002306.root.00000	SADC_002306.root.00001	2026-06-17 00:55:51	2026-06-17 00:57:42	0	2	2	3	2	2	0
002307	11	703597656	00000	00001	FADC_002307.root.00000	SADC_002307.root.00001	2026-06-17 00:58:08	2026-06-17 00:59:56	0	2	2	3	2	2	0
002308	6	81214395	00000		FADC_002308.root.00000	SADC_002308.root.00000	2026-06-17 01:00:03	2026-06-17 01:00:14	0	1	1	2	1	1	0
002309	6	80388090	00000		FADC_002309.root.00000	SADC_002309.root.00000	2026-06-17 01:00:19	2026-06-17 01:00:31	0	1	1	2	1	1	0
002310	11	702930126	00000	00001	FADC_002310.root.00000	SADC_002310.root.00001	2026-06-17 01:00:56	2026-06-17 01:02:45	0	2	2	3	2	2	0
002311	11	718924331	00000	00001	FADC_002311.root.00000	SADC_002311.root.00001	2026-06-17 01:03:10	2026-06-17 01:05:02	0	2	2	3	2	2	0
002312	11	686502517	00000	00001	FADC_002312.root.00000	SADC_002312.root.00001	2026-06-17 01:05:27	2026-06-17 01:07:14	0	2	2	3	2	2	0
002313	11	707658041	00000	00001	FADC_002313.root.00000	SADC_002313.root.00001	2026-06-17 01:07:39	2026-06-17 01:09:27	0	2	2	3	2	2	0
002314	11	698804668	00000	00001	FADC_002314.root.00000	SADC_002314.root.00001	2026-06-17 01:09:54	2026-06-17 01:11:42	0	2	2	3	2	2	0
002315	11	701000676	00000	00001	FADC_002315.root.00000	SADC_002315.root.00001	2026-06-17 01:12:08	2026-06-17 01:13:54	0	2	2	3	2	2	0
002316	11	803164433	00000	00001	FADC_002316.root.00000	SADC_002316.root.00001	2026-06-17 01:14:22	2026-06-17 01:16:28	0	2	2	3	2	2	0
002317	11	701585998	00000	00001	FADC_002317.root.00000	SADC_002317.root.00001	2026-06-17 01:16:55	2026-06-17 01:18:43	0	2	2	3	2	2	0
002318	11	665258261	00000	00001	FADC_002318.root.00000	SADC_002318.root.00001	2026-06-17 01:19:09	2026-06-17 01:20:49	0	2	2	3	2	2	0
002319	11	767339714	00000	00001	FADC_002319.root.00000	SADC_002319.root.00001	2026-06-17 01:21:16	2026-06-17 01:23:16	0	2	2	3	2	2	0
002320	11	734946865	00000	00001	FADC_002320.root.00000	SADC_002320.root.00001	2026-06-17 01:23:42	2026-06-17 01:25:37	0	2	2	3	2	2	0
002321	11	644004513	00000	00001	FADC_002321.root.00000	SADC_002321.root.00001	2026-06-17 01:26:02	2026-06-17 01:27:39	0	2	2	3	2	2	0
002322	11	710295937	00000	00001	FADC_002322.root.00000	SADC_002322.root.00001	2026-06-17 01:28:06	2026-06-17 01:29:54	0	2	2	3	2	2	0
002323	11	738966423	00000	00001	FADC_002323.root.00000	SADC_002323.root.00001	2026-06-17 01:30:21	2026-06-17 01:32:16	0	2	2	3	2	2	0
002324	11	723249277	00000	00001	FADC_002324.root.00000	SADC_002324.root.00001	2026-06-17 01:32:43	2026-06-17 01:34:30	0	2	2	3	2	2	0
002325	11	735142521	00000	00001	FADC_002325.root.00000	SADC_002325.root.00001	2026-06-17 01:34:57	2026-06-17 01:36:49	0	2	2	3	2	2	0
002326	11	723994516	00000	00001	FADC_002326.root.00000	SADC_002326.root.00001	2026-06-17 01:37:16	2026-06-17 01:39:07	0	2	2	3	2	2	0
002327	11	768035533	00000	00001	FADC_002327.root.00000	SADC_002327.root.00001	2026-06-17 01:39:33	2026-06-17 01:41:34	0	2	2	3	2	2	0
002328	11	735816217	00000	00001	FADC_002328.root.00000	SADC_002328.root.00001	2026-06-17 01:42:00	2026-06-17 01:43:51	0	2	2	3	2	2	0
002329	11	709912294	00000	00001	FADC_002329.root.00000	SADC_002329.root.00001	2026-06-17 01:44:19	2026-06-17 01:46:07	0	2	2	3	2	2	0
00233	0	0							0	0	0	0	0	0	0
002330	11	731843934	00000	00001	FADC_002330.root.00000	SADC_002330.root.00001	2026-06-17 01:46:32	2026-06-17 01:48:25	0	2	2	3	2	2	0
002331	11	717132647	00000	00001	FADC_002331.root.00000	SADC_002331.root.00001	2026-06-17 01:48:51	2026-06-17 01:50:42	0	2	2	3	2	2	0
002332	11	728501869	00000	00001	FADC_002332.root.00000	SADC_002332.root.00001	2026-06-17 01:51:08	2026-06-17 01:53:01	0	2	2	3	2	2	0
002333	11	730696119	00000	00001	FADC_002333.root.00000	SADC_002333.root.00001	2026-06-17 01:53:26	2026-06-17 01:55:19	0	2	2	3	2	2	0
002334	11	727231481	00000	00001	FADC_002334.root.00000	SADC_002334.root.00001	2026-06-17 01:55:44	2026-06-17 01:57:36	0	2	2	3	2	2	0
002335	11	732005264	00000	00001	FADC_002335.root.00000	SADC_002335.root.00001	2026-06-17 01:58:03	2026-06-17 01:59:55	0	2	2	3	2	2	0
002336	11	735536772	00000	00001	FADC_002336.root.00000	SADC_002336.root.00001	2026-06-17 02:00:21	2026-06-17 02:02:14	0	2	2	3	2	2	0
002337	11	752373835	00000	00001	FADC_002337.root.00000	SADC_002337.root.00001	2026-06-17 02:02:40	2026-06-17 02:04:37	0	2	2	3	2	2	0
002338	11	801033428	00000	00001	FADC_002338.root.00000	SADC_002338.root.00001	2026-06-17 02:05:03	2026-06-17 02:07:07	0	2	2	3	2	2	0
002339	16	1006370421	00000	00002	FADC_002339.root.00000	SADC_002339.root.00002	2026-06-17 02:07:33	2026-06-17 02:10:18	0	3	3	4	3	3	0
002340	11	756784096	00000	00001	FADC_002340.root.00000	SADC_002340.root.00001	2026-06-17 02:10:45	2026-06-17 02:12:43	0	2	2	3	2	2	0
002341	11	790850621	00000	00001	FADC_002341.root.00000	SADC_002341.root.00001	2026-06-17 02:13:10	2026-06-17 02:15:13	0	2	2	3	2	2	0
002342	6	134555	00000		FADC_002342.root.00000	SADC_002342.root.00000	2026-06-17 02:15:14	2026-06-17 02:15:14	0	1	1	2	1	1	0
002343	11	747541971	00000	00001	FADC_002343.root.00000	SADC_002343.root.00001	2026-06-17 02:15:41	2026-06-17 02:17:34	0	2	2	3	2	2	0
002344	11	743529263	00000	00001	FADC_002344.root.00000	SADC_002344.root.00001	2026-06-17 02:18:03	2026-06-17 02:19:55	0	2	2	3	2	2	0
002345	11	710562659	00000	00001	FADC_002345.root.00000	SADC_002345.root.00001	2026-06-17 02:20:22	2026-06-17 02:22:10	0	2	2	3	2	2	0
002346	11	804867875	00000	00001	FADC_002346.root.00000	SADC_002346.root.00001	2026-06-17 02:22:38	2026-06-17 02:24:44	0	2	2	3	2	2	0
002347	11	710104435	00000	00001	FADC_002347.root.00000	SADC_002347.root.00001	2026-06-17 02:25:10	2026-06-17 02:27:00	0	2	2	3	2	2	0
002348	11	724236042	00000	00001	FADC_002348.root.00000	SADC_002348.root.00001	2026-06-17 02:27:25	2026-06-17 02:29:17	0	2	2	3	2	2	0
002349	11	818344140	00000	00001	FADC_002349.root.00000	SADC_002349.root.00001	2026-06-17 02:29:42	2026-06-17 02:31:51	0	2	2	3	2	2	0
002350	11	708119819	00000	00001	FADC_002350.root.00000	SADC_002350.root.00001	2026-06-17 02:32:18	2026-06-17 02:34:07	0	2	2	3	2	2	0
002351	11	708166307	00000	00001	FADC_002351.root.00000	SADC_002351.root.00001	2026-06-17 02:34:31	2026-06-17 02:36:20	0	2	2	3	2	2	0
002352	11	720844416	00000	00001	FADC_002352.root.00000	SADC_002352.root.00001	2026-06-17 02:36:45	2026-06-17 02:38:35	0	2	2	3	2	2	0
002353	11	711709325	00000	00001	FADC_002353.root.00000	SADC_002353.root.00001	2026-06-17 02:39:03	2026-06-17 02:40:50	0	2	2	3	2	2	0
002354	11	742162372	00000	00001	FADC_002354.root.00000	SADC_002354.root.00001	2026-06-17 02:41:18	2026-06-17 02:43:13	0	2	2	3	2	2	0
002355	11	715058449	00000	00001	FADC_002355.root.00000	SADC_002355.root.00001	2026-06-17 02:43:38	2026-06-17 02:45:27	0	2	2	3	2	2	0
002356	11	705363153	00000	00001	FADC_002356.root.00000	SADC_002356.root.00001	2026-06-17 02:45:51	2026-06-17 02:47:40	0	2	2	3	2	2	0
002357	11	697224957	00000	00001	FADC_002357.root.00000	SADC_002357.root.00001	2026-06-17 02:48:06	2026-06-17 02:49:52	0	2	2	3	2	2	0
002358	11	720773044	00000	00001	FADC_002358.root.00000	SADC_002358.root.00001	2026-06-17 02:50:19	2026-06-17 02:52:10	0	2	2	3	2	2	0
002359	11	777677601	00000	00001	FADC_002359.root.00000	SADC_002359.root.00001	2026-06-17 02:52:38	2026-06-17 02:54:37	0	2	2	3	2	2	0
002360	11	753970589	00000	00001	FADC_002360.root.00000	SADC_002360.root.00001	2026-06-17 02:55:05	2026-06-17 02:56:58	0	2	2	3	2	2	0
002361	11	766191532	00000	00001	FADC_002361.root.00000	SADC_002361.root.00001	2026-06-17 02:57:26	2026-06-17 02:59:23	0	2	2	3	2	2	0
002362	16	918328976	00000	00002	FADC_002362.root.00000	SADC_002362.root.00002	2026-06-17 02:59:51	2026-06-17 03:02:18	0	3	3	4	3	3	0
002363	11	728022900	00000	00001	FADC_002363.root.00000	SADC_002363.root.00001	2026-06-17 03:02:44	2026-06-17 03:04:34	0	2	2	3	2	2	0
002364	11	727541860	00000	00001	FADC_002364.root.00000	SADC_002364.root.00001	2026-06-17 03:05:03	2026-06-17 03:06:53	0	2	2	3	2	2	0
002365	11	726428687	00000	00001	FADC_002365.root.00000	SADC_002365.root.00001	2026-06-17 03:07:20	2026-06-17 03:09:12	0	2	2	3	2	2	0
002366	11	716663385	00000	00001	FADC_002366.root.00000	SADC_002366.root.00001	2026-06-17 03:09:39	2026-06-17 03:11:27	0	2	2	3	2	2	0
002367	11	694247556	00000	00001	FADC_002367.root.00000	SADC_002367.root.00001	2026-06-17 03:11:53	2026-06-17 03:13:39	0	2	2	3	2	2	0
002368	11	804888080	00000	00001	FADC_002368.root.00000	SADC_002368.root.00001	2026-06-17 03:14:05	2026-06-17 03:16:12	0	2	2	3	2	2	0
002369	11	706396124	00000	00001	FADC_002369.root.00000	SADC_002369.root.00001	2026-06-17 03:16:38	2026-06-17 03:18:26	0	2	2	3	2	2	0
002370	11	744397465	00000	00001	FADC_002370.root.00000	SADC_002370.root.00001	2026-06-17 03:18:51	2026-06-17 03:20:46	0	2	2	3	2	2	0
002371	11	692934609	00000	00001	FADC_002371.root.00000	SADC_002371.root.00001	2026-06-17 03:21:12	2026-06-17 03:22:57	0	2	2	3	2	2	0
002372	11	697404002	00000	00001	FADC_002372.root.00000	SADC_002372.root.00001	2026-06-17 03:23:23	2026-06-17 03:25:10	0	2	2	3	2	2	0
002373	11	695344686	00000	00001	FADC_002373.root.00000	SADC_002373.root.00001	2026-06-17 03:25:35	2026-06-17 03:27:23	0	2	2	3	2	2	0
002374	11	700102676	00000	00001	FADC_002374.root.00000	SADC_002374.root.00001	2026-06-17 03:27:48	2026-06-17 03:29:34	0	2	2	3	2	2	0
002375	11	706178912	00000	00001	FADC_002375.root.00000	SADC_002375.root.00001	2026-06-17 03:30:02	2026-06-17 03:31:49	0	2	2	3	2	2	0
002376	11	731940609	00000	00001	FADC_002376.root.00000	SADC_002376.root.00001	2026-06-17 03:32:16	2026-06-17 03:34:08	0	2	2	3	2	2	0
002377	11	784279361	00000	00001	FADC_002377.root.00000	SADC_002377.root.00001	2026-06-17 03:34:33	2026-06-17 03:36:34	0	2	2	3	2	2	0
002378	11	721657245	00000	00001	FADC_002378.root.00000	SADC_002378.root.00001	2026-06-17 03:37:02	2026-06-17 03:38:51	0	2	2	3	2	2	0
002379	11	822410026	00000	00001	FADC_002379.root.00000	SADC_002379.root.00001	2026-06-17 03:39:19	2026-06-17 03:41:28	0	2	2	3	2	2	0
002380	11	720585392	00000	00001	FADC_002380.root.00000	SADC_002380.root.00001	2026-06-17 03:41:54	2026-06-17 03:43:44	0	2	2	3	2	2	0
002381	11	750535937	00000	00001	FADC_002381.root.00000	SADC_002381.root.00001	2026-06-17 03:44:11	2026-06-17 03:46:06	0	2	2	3	2	2	0
002382	11	731356649	00000	00001	FADC_002382.root.00000	SADC_002382.root.00001	2026-06-17 03:46:31	2026-06-17 03:48:24	0	2	2	3	2	2	0
002383	11	795975841	00000	00001	FADC_002383.root.00000	SADC_002383.root.00001	2026-06-17 03:48:50	2026-06-17 03:50:53	0	2	2	3	2	2	0
002384	11	717837327	00000	00001	FADC_002384.root.00000	SADC_002384.root.00001	2026-06-17 03:51:20	2026-06-17 03:53:11	0	2	2	3	2	2	0
002385	11	748081171	00000	00001	FADC_002385.root.00000	SADC_002385.root.00001	2026-06-17 03:53:35	2026-06-17 03:55:31	0	2	2	3	2	2	0
002386	11	736177917	00000	00001	FADC_002386.root.00000	SADC_002386.root.00001	2026-06-17 03:55:59	2026-06-17 03:57:51	0	2	2	3	2	2	0
002387	11	726166560	00000	00001	FADC_002387.root.00000	SADC_002387.root.00001	2026-06-17 03:58:18	2026-06-17 04:00:10	0	2	2	3	2	2	0
002388	11	756682265	00000	00001	FADC_002388.root.00000	SADC_002388.root.00001	2026-06-17 04:00:35	2026-06-17 04:02:31	0	2	2	3	2	2	0
002389	11	804264665	00000	00001	FADC_002389.root.00000	SADC_002389.root.00001	2026-06-17 04:02:56	2026-06-17 04:05:04	0	2	2	3	2	2	0
002390	11	730505639	00000	00001	FADC_002390.root.00000	SADC_002390.root.00001	2026-06-17 04:05:29	2026-06-17 04:07:22	0	2	2	3	2	2	0
002391	11	719041140	00000	00001	FADC_002391.root.00000	SADC_002391.root.00001	2026-06-17 04:07:47	2026-06-17 04:09:38	0	2	2	3	2	2	0
002392	11	727680560	00000	00001	FADC_002392.root.00000	SADC_002392.root.00001	2026-06-17 04:10:04	2026-06-17 04:11:56	0	2	2	3	2	2	0
002393	11	725189792	00000	00001	FADC_002393.root.00000	SADC_002393.root.00001	2026-06-17 04:12:22	2026-06-17 04:14:14	0	2	2	3	2	2	0
002394	11	726064409	00000	00001	FADC_002394.root.00000	SADC_002394.root.00001	2026-06-17 04:14:40	2026-06-17 04:16:30	0	2	2	3	2	2	0
002395	11	710546056	00000	00001	FADC_002395.root.00000	SADC_002395.root.00001	2026-06-17 04:16:57	2026-06-17 04:18:45	0	2	2	3	2	2	0
002396	11	777703143	00000	00001	FADC_002396.root.00000	SADC_002396.root.00001	2026-06-17 04:19:12	2026-06-17 04:21:14	0	2	2	3	2	2	0
002397	11	746920754	00000	00001	FADC_002397.root.00000	SADC_002397.root.00001	2026-06-17 04:21:39	2026-06-17 04:23:33	0	2	2	3	2	2	0
002398	11	728651356	00000	00001	FADC_002398.root.00000	SADC_002398.root.00001	2026-06-17 04:24:02	2026-06-17 04:25:53	0	2	2	3	2	2	0
002399	11	720884942	00000	00001	FADC_002399.root.00000	SADC_002399.root.00001	2026-06-17 04:26:20	2026-06-17 04:28:10	0	2	2	3	2	2	0
002400	11	719098509	00000	00001	FADC_002400.root.00000	SADC_002400.root.00001	2026-06-17 04:28:35	2026-06-17 04:30:26	0	2	2	3	2	2	0
002401	11	716846495	00000	00001	FADC_002401.root.00000	SADC_002401.root.00001	2026-06-17 04:30:52	2026-06-17 04:32:43	0	2	2	3	2	2	0
002402	11	715958441	00000	00001	FADC_002402.root.00000	SADC_002402.root.00001	2026-06-17 04:33:09	2026-06-17 04:35:00	0	2	2	3	2	2	0
002403	11	717349900	00000	00001	FADC_002403.root.00000	SADC_002403.root.00001	2026-06-17 04:35:25	2026-06-17 04:37:16	0	2	2	3	2	2	0
002404	16	101264423	00000	00002	FADC_002404.root.00000	SADC_002404.root.00002	2026-06-17 04:37:19	2026-06-17 04:37:36	0	3	3	4	3	3	0
002405	91	766319589	00000	00017	FADC_002405.root.00000	SADC_002405.root.00017	2026-06-17 04:37:38	2026-06-17 04:40:12	0	18	18	19	18	18	0
002406	126	1075540204	00000	00024	FADC_002406.root.00000	SADC_002406.root.00024	2026-06-17 04:40:16	2026-06-17 04:43:49	0	25	25	26	25	25	0
